arizona_republican_18910530_3_clean_false.jpg,90.26984126984127,71.47773666977841,0.0,145.0,145.0,98.0952380952381,67.03783700673058,0.0,144.0,144.0,13.176175548589342,13.825728926819764,1.0,51.0,50.0,28.129310344827587,52.636616438977306,0.0,144.0,144.0,false
boons_lick_times_18410612_3_false.jpg,83.5079365079365,66.59614426729914,0.0,145.0,145.0,58.892857142857146,72.63491490528303,0.0,144.0,144.0,7.770069808027923,8.317065101187769,1.0,90.0,89.0,60.918103448275865,64.50059376860538,0.0,144.0,144.0,false
burlington_free_press_18360108_1_clean_false.jpg,61.65873015873016,60.7281679029522,0.0,145.0,145.0,56.666666666666664,65.73111413234504,0.0,144.0,144.0,4.313233894001904,4.609671994347126,1.0,200.0,199.0,62.116379310344826,67.39285305949636,0.0,136.0,136.0,false
charleston_daily_news_18690128_false.jpg,69.78968253968254,62.049117947065504,0.0,145.0,145.0,98.2579365079365,44.49427594948209,0.0,144.0,144.0,19.873333333333335,19.697748320274737,1.0,155.0,154.0,1.5646551724137931,13.569065883807287,0.0,144.0,144.0,false
cheyenne_transporter_18800825_6_clean_false.jpg,84.1547619047619,70.37529290391603,0.0,145.0,145.0,73.57539682539682,73.92214297931409,0.0,144.0,144.0,5.410256410256411,4.932344946795634,1.0,38.0,37.0,56.60775862068966,68.30748212677001,0.0,144.0,144.0,false
cheyenne_transporter_18801009_3_clean_false.jpg,76.96428571428571,71.92127322028006,0.0,145.0,145.0,71.85317460317461,72.39083737623731,0.0,144.0,144.0,4.996127494787012,2.3857229536864333,1.0,19.0,18.0,53.366379310344826,67.11037468696844,0.0,144.0,144.0,false
cheyenne_transporter_18860304_7_clean_false.jpg,24.976190476190474,55.37380262807241,0.0,145.0,145.0,24.571428571428573,54.96163517498257,0.0,144.0,144.0,1.6666666666666667,0.7453559924999216,1.0,3.0,2.0,125.37931034482759,75.11781810987266,0.0,144.0,144.0,false
cheyenne_transporter_18860626_3_clean_false.jpg,74.94047619047619,70.57144320278579,0.0,145.0,145.0,58.23809523809524,71.35385888543493,0.0,144.0,144.0,6.313852813852814,5.863802554138446,1.0,24.0,23.0,66.40517241379311,71.39811648560026,0.0,144.0,144.0,false
daily_empire_18660926_2_false.jpg,59.892857142857146,69.20815345767468,0.0,145.0,145.0,51.82539682539682,69.54551155396499,0.0,144.0,144.0,5.480827229642395,3.767099278207809,1.0,23.0,22.0,79.40517241379311,74.39326199788057,0.0,144.0,144.0,false
daily_globe_18781117_2_false.jpg,37.40079365079365,64.99328466552744,0.0,145.0,145.0,37.142857142857146,64.54505511611,0.0,144.0,144.0,2.260869565217391,1.0307190948808453,1.0,5.0,4.0,111.72413793103448,78.06179360954366,0.0,144.0,144.0,false
daily_globe_18781117_3_clean_false.jpg,35.48015873015873,57.10902969356746,0.0,145.0,145.0,27.115079365079364,50.23017865965175,0.0,144.0,144.0,3.262513125656283,3.0606467751848285,1.0,13.0,12.0,88.79741379310344,76.2978810749152,0.0,144.0,144.0,false
daily_globe_18830814_3_false.jpg,32.79761904761905,61.91639575401765,0.0,145.0,145.0,32.57142857142857,61.48938612812771,0.0,144.0,144.0,7.333333333333333,0.4714045207910348,7.0,8.0,1.0,112.96551724137932,77.86790241120895,0.0,144.0,144.0,false
daily_globe_18830822_7_clean_false.jpg,88.27777777777777,64.7903007307658,0.0,145.0,145.0,61.3968253968254,72.85653557466296,0.0,144.0,144.0,5.115433673469388,5.2796844530873575,1.0,92.0,91.0,55.72844827586207,64.7942056396288,0.0,137.0,137.0,false
daily_globe_18830915_5_false.jpg,98.73412698412699,67.8095661075628,0.0,145.0,145.0,78.0079365079365,76.97578875759373,0.0,144.0,144.0,6.054959349593496,6.585515316982982,1.0,53.0,52.0,61.07327586206897,67.08004800247771,0.0,144.0,144.0,false
daily_globe_18830916_9_false.jpg,29.92063492063492,59.759013761369616,0.0,145.0,145.0,29.714285714285715,59.346882631980854,0.0,144.0,144.0,8.0,0.0,8.0,8.0,0.0,121.65517241379311,76.10194051910192,0.0,144.0,144.0,false
daily_los_angeles_herald_18790109_3_clean_false.jpg,93.31349206349206,75.53720083629315,0.0,145.0,145.0,96.90079365079364,73.61412738073429,0.0,144.0,144.0,17.82638888888889,1.8136437430055556,14.0,21.0,7.0,41.46551724137931,64.41579697753527,0.0,144.0,144.0,false
daily_los_angeles_herald_18810727_4_clean_false.jpg,126.06349206349206,63.9818652770623,0.0,145.0,145.0,127.95238095238095,60.67486381895972,0.0,144.0,144.0,41.95372750642674,22.523861502980324,1.0,94.0,93.0,6.237068965517241,27.446948745225964,0.0,144.0,144.0,false
daily_los_angeles_herald_18810728_4_false.jpg,154.78174603174602,43.68579173141937,0.0,145.0,145.0,153.71428571428572,43.384510409133824,0.0,144.0,144.0,43.0,22.378561169118985,6.0,69.0,63.0,8.068965517241379,32.00377929101131,0.0,144.0,144.0,false
daily_los_angeles_herald_18830125_4_clean_false.jpg,70.5436507936508,68.09794416471104,0.0,145.0,145.0,59.20634920634921,69.23428634250354,0.0,144.0,144.0,4.458367236235421,7.297791414227051,1.0,63.0,62.0,62.422413793103445,68.07593324295718,0.0,144.0,144.0,false
daily_los_angeles_herald_18830208_4_clean_false.jpg,102.57142857142857,70.36396423992066,0.0,145.0,145.0,105.0515873015873,67.03364546025198,0.0,144.0,144.0,27.9163179916318,33.43118786831563,1.0,155.0,154.0,10.525862068965518,36.259661880208725,0.0,144.0,144.0,false
daily_los_angeles_herald_18840725_3_clean_false.jpg,10.944444444444445,38.50434593762961,0.0,145.0,145.0,10.857142857142858,38.24121690733626,0.0,144.0,144.0,1.75,0.82915619758885,1.0,3.0,2.0,135.31034482758622,71.77133725497562,0.0,144.0,144.0,false
daily_los_angeles_herald_18840726_4_false.jpg,60.583333333333336,73.83447542919735,0.0,145.0,145.0,86.04761904761905,65.64443566606712,0.0,144.0,144.0,6.631377061756808,3.7660157091514965,1.0,58.0,57.0,43.48275862068966,66.11365717763688,0.0,144.0,144.0,false
daily_los_angeles_herald_18840809_3_clean_false.jpg,89.23015873015873,74.13997419526504,0.0,145.0,145.0,83.60317460317461,74.16262659928782,0.0,144.0,144.0,5.964582003828973,5.731691492497217,1.0,28.0,27.0,47.224137931034484,66.96916550050062,0.0,144.0,144.0,false
daily_los_angeles_herald_18840810_4_clean_false.jpg,94.55555555555556,72.78647106688419,0.0,145.0,145.0,89.43650793650794,71.37915713283745,0.0,144.0,144.0,18.183431952662723,21.580816451533916,1.0,86.0,85.0,22.711206896551722,46.586001299744844,0.0,144.0,144.0,false
daily_los_angeles_herald_188800305_4_false.jpg,106.44444444444444,64.74091630017482,0.0,145.0,145.0,100.63888888888889,67.09980819092746,0.0,144.0,144.0,28.44043321299639,22.752548460004245,1.0,104.0,103.0,14.5,39.85141052252631,0.0,144.0,144.0,false
daily_los_angeles_herald_18880305_3_clean_false.jpg,78.41269841269842,70.9884554992355,0.0,145.0,145.0,57.23015873015873,70.30328655336947,0.0,144.0,144.0,5.207829408020369,4.589560268878555,1.0,33.0,32.0,66.63362068965517,71.37760265475595,0.0,144.0,144.0,false
daily_los_angeles_herald_18880503_4_clean_false.jpg,92.33730158730158,70.22918012909297,0.0,145.0,145.0,88.61904761904762,71.7909086465821,0.0,144.0,144.0,7.3169267707082835,8.81055321408449,1.0,109.0,108.0,35.797413793103445,58.516343842528855,0.0,144.0,144.0,false
daily_state_sentinel_18650804_4_clean_false.jpg,76.13888888888889,60.75121114911746,0.0,145.0,145.0,46.62698412698413,68.01982845429815,0.0,144.0,144.0,3.420923829917406,7.068878639195375,1.0,143.0,142.0,71.625,63.56643350270619,0.0,144.0,144.0,false
daytona_gazette_19071005_3_clean_false.jpg,76.16666666666667,73.72971876096778,0.0,145.0,145.0,89.77380952380952,67.41479733395994,0.0,144.0,144.0,7.743233082706767,7.673399717946707,1.0,64.0,63.0,16.836206896551722,44.01025386343397,0.0,144.0,144.0,false
dayton_daily_empire_18630227_clean_false.jpg,144.56349206349208,53.529909332780406,0.0,145.0,145.0,144.52380952380952,51.82669502112257,0.0,144.0,144.0,49.98092643051771,39.100752499257794,10.0,99.0,89.0,14.698275862068966,42.16196476966621,0.0,144.0,144.0,false
el_fronterizo_18820210_4_clean_false.jpg,86.6984126984127,71.22714645693894,0.0,145.0,145.0,71.33333333333333,73.7369843236275,0.0,144.0,144.0,9.376520359598096,4.9857500537108965,1.0,24.0,23.0,55.31896551724138,67.37872472614927,0.0,144.0,144.0,false
el_fronterizo_18820224_4_false.jpg,89.03174603174604,74.96367403045468,0.0,145.0,145.0,103.05952380952381,67.6552202160438,0.0,144.0,144.0,13.268907563025211,11.959302973756701,1.0,67.0,66.0,27.685344827586206,55.806952402721386,0.0,144.0,144.0,false
el_fronterizo_18820310_4_false.jpg,98.53571428571429,66.86206513994401,0.0,145.0,145.0,66.98809523809524,75.13045640371087,0.0,144.0,144.0,8.598259276225377,5.618366639386539,1.0,27.0,26.0,53.633620689655174,63.32022147425911,0.0,144.0,144.0,false
el_fronterizo_18820303_4_clean_false.jpg,102.10714285714286,73.20696302078296,0.0,145.0,145.0,107.53968253968254,69.57834463785396,0.0,144.0,144.0,13.399860432658757,9.146702316917967,1.0,50.0,49.0,47.297413793103445,67.9974036074458,0.0,144.0,144.0,false
el_fronterizo_19040416_5_clean_false.jpg,97.11507936507937,70.31995623580796,0.0,145.0,145.0,83.67857142857143,74.68820596195475,0.0,144.0,144.0,11.20995145631068,9.626752670965153,1.0,40.0,39.0,45.77155172413793,64.34884001638753,0.0,144.0,144.0,false
el_fronterizo_19040607_2_clean_false.jpg,93.78968253968254,77.8437083175655,0.0,145.0,145.0,93.14285714285714,77.30685515675468,0.0,144.0,144.0,23.0,14.696938456699069,5.0,41.0,36.0,75.72413793103448,77.67919550717856,0.0,144.0,144.0,false
el_fronterizo_19040820_1_clean_false.jpg,92.92857142857143,72.92931488246533,0.0,145.0,145.0,97.23412698412699,66.79007336189163,7.0,144.0,137.0,7.218003913894325,6.435942730761736,1.0,133.0,132.0,0.0,0.0,0.0,0.0,0.0,false
el_fronterizo_19040907_5_clean_false.jpg,112.28571428571429,63.85904515573461,0.0,145.0,145.0,100.55952380952381,72.22605466271338,0.0,144.0,144.0,12.763306199123356,9.658882303524068,1.0,76.0,75.0,29.051724137931036,54.34222572323945,0.0,141.0,141.0,false
el_fronterizo_19040907_5_false.jpg,93.80555555555556,66.8742848451104,0.0,145.0,145.0,76.69047619047619,75.84610845094535,0.0,144.0,144.0,10.962025316455696,8.883014784459048,1.0,126.0,125.0,57.668103448275865,66.0889135536091,0.0,144.0,144.0,false
el_pelayo_18510917_4_clean_false.jpg,82.47222222222223,72.69054962848342,0.0,145.0,145.0,88.0515873015873,72.84418253926107,0.0,144.0,144.0,10.673480976717775,11.789302352124517,3.0,53.0,50.0,48.46120689655172,65.46024514497122,0.0,144.0,144.0,false
el_pelayo_18510924_3_clean_false.jpg,58.01984126984127,68.66267244823419,0.0,145.0,145.0,51.388888888888886,68.42628211919822,0.0,144.0,144.0,5.430898092135877,5.648251061137662,1.0,34.0,33.0,78.66810344827586,75.55059778249937,0.0,144.0,144.0,false
el_pelayo_18511008_4_clean_false.jpg,92.76190476190476,52.80713145486207,0.0,145.0,145.0,56.36904761904762,64.58375826688636,0.0,144.0,144.0,11.063303659742829,16.2814011773708,1.0,226.0,225.0,29.482758620689655,40.497353537092856,0.0,142.0,142.0,false
el_pelayo_18511013_1_clean_false.jpg,68.0436507936508,66.81947673482206,0.0,145.0,145.0,62.98809523809524,65.64771812025046,0.0,144.0,144.0,6.0890977443609025,5.740368980130131,1.0,49.0,48.0,8.538793103448276,30.25989711970832,0.0,144.0,144.0,false
el_pelayo_18511015_4_false.jpg,89.45238095238095,70.6350629313964,0.0,145.0,145.0,80.27380952380952,73.5987067740182,0.0,144.0,144.0,6.957791065775589,6.602979931625582,1.0,35.0,34.0,45.02155172413793,63.86156714100681,0.0,144.0,144.0,false
glasgow_weekly_times_18511218_4_clean_false.jpg,79.48015873015873,66.3462641003178,0.0,145.0,145.0,78.4563492063492,66.01012651238597,0.0,144.0,144.0,6.391085790884718,10.501158542015546,1.0,75.0,74.0,23.45258620689655,52.044807131467856,0.0,144.0,144.0,false
honolulu_republican_19000718_2_clean_false.jpg,128.31349206349208,67.03099599788287,0.0,145.0,145.0,127.42857142857143,66.56871326686313,0.0,144.0,144.0,22.75,31.379730719048563,6.0,101.0,95.0,27.93103448275862,56.196045977355446,0.0,144.0,144.0,false
hopkinsville_kentuckian_18901202_4_clean_false.jpg,97.8015873015873,75.0848593100742,0.0,153.0,153.0,85.23412698412699,78.97643854508189,0.0,152.0,152.0,9.981122702434178,4.009878677193182,2.0,30.0,28.0,35.064655172413794,60.77063672428786,0.0,152.0,152.0,false
jasper_weekly_courier_19040129_false.jpg,77.56746031746032,71.48730172450293,0.0,145.0,145.0,64.41269841269842,74.13086147948599,0.0,144.0,144.0,3.7560795873249817,3.4582390177600932,1.0,30.0,29.0,63.86206896551724,71.41183825290432,0.0,144.0,144.0,false
kentucky_irish_american_18980716_3_clean_false.jpg,124.73809523809524,59.18795863757952,0.0,145.0,145.0,105.57936507936508,73.07116276461187,0.0,144.0,144.0,10.337523277467412,8.146136613408745,1.0,68.0,67.0,28.926724137931036,49.89847052853937,0.0,144.0,144.0,false
kentucky_irish_american_18980813_3_clean_false.jpg,99.90873015873017,71.88449889814788,0.0,145.0,145.0,87.2579365079365,75.41847126326653,0.0,144.0,144.0,6.97923875432526,4.665071357437727,2.0,17.0,15.0,45.616379310344826,64.2555872808762,0.0,144.0,144.0,false
la_herald_18950425_1_clean_false.jpg,31.158730158730158,43.686420628963184,0.0,145.0,145.0,43.76190476190476,38.02993126701167,4.0,144.0,140.0,9.09468085106383,17.38508083203639,1.0,157.0,156.0,0.0,0.0,0.0,0.0,0.0,false
leavenworth_weekly_times_18790515_clean_false.jpg,84.51190476190476,78.25097996138683,0.0,145.0,145.0,83.42857142857143,77.76708890409924,0.0,144.0,144.0,4.52,1.6521501142450963,1.0,8.0,7.0,73.86206896551724,77.34168364173017,0.0,144.0,144.0,false
le_meschacebe_18540528_2_clean_false.jpg,92.53968253968254,70.37862301644861,0.0,145.0,145.0,77.11904761904762,74.49893305871517,0.0,144.0,144.0,6.99378640776699,5.807256945919597,1.0,37.0,36.0,42.99568965517241,61.520490782733354,0.0,144.0,144.0,false
le_meschacebe_18540716_1_false.jpg,73.38095238095238,61.11428725144414,0.0,145.0,145.0,36.40873015873016,61.52578319830119,0.0,144.0,144.0,6.213107822410148,5.319976857692807,1.0,33.0,32.0,70.69827586206897,67.2118974216022,0.0,144.0,144.0,false
le_messager_18510222_1_clean_false.jpg,93.07539682539682,70.43680690428722,0.0,145.0,145.0,80.39682539682539,75.31746832206674,0.0,144.0,144.0,8.117016716673811,3.5991292010320337,1.0,23.0,22.0,49.49568965517241,64.41421328964309,0.0,144.0,144.0,false
minneapolis_journal_19060617_10_false.jpg,86.72222222222223,78.17576181560189,0.0,145.0,145.0,85.71428571428571,77.75269159046984,0.0,144.0,144.0,19.333333333333332,21.147629234082448,5.0,66.0,61.0,63.93103448275862,74.97260923306045,0.0,144.0,144.0,false
mountain_sentinel_18510327_false.jpg,93.8452380952381,68.84887977207606,0.0,145.0,145.0,84.68253968253968,72.15705352638614,0.0,144.0,144.0,6.448254364089776,5.3073083470259075,1.0,39.0,38.0,40.456896551724135,61.043835270009,0.0,144.0,144.0,false
national_republican_18750115_2_clean_false.jpg,73.59920634920636,71.62276823165473,0.0,145.0,145.0,65.17063492063492,72.67063341927911,0.0,144.0,144.0,4.677683533196841,4.866477100758742,1.0,29.0,28.0,63.53879310344828,70.67637039419249,0.0,144.0,144.0,false
national_tribune_19070221_1_clean_false.jpg,64.3452380952381,72.397166047888,0.0,145.0,145.0,71.16269841269842,70.01572942885709,0.0,144.0,144.0,3.577615682698883,1.9945401803733425,2.0,29.0,27.0,44.01724137931034,65.69339899428945,0.0,144.0,144.0,false
new_york_tribune_18850504_4_clean_false.jpg,84.07539682539682,62.26606288929399,0.0,145.0,145.0,53.04761904761905,66.75800958097433,0.0,144.0,144.0,6.12021312021312,5.677995073950671,1.0,42.0,41.0,55.53448275862069,61.54467133436032,0.0,144.0,144.0,false
new_york_tribune_18850505_6_clean_false.jpg,100.06746031746032,64.74668991026014,0.0,145.0,145.0,86.98809523809524,69.82575814008776,0.0,144.0,144.0,8.235694277711085,8.337858141004997,1.0,75.0,74.0,18.49137931034483,42.99539126517067,0.0,144.0,144.0,false
new_york_tribune_18850507_4_false.jpg,157.0793650793651,40.334306477483004,0.0,145.0,145.0,155.42857142857142,40.92459110894608,0.0,144.0,144.0,4.25,2.7726341266023544,2.0,9.0,7.0,6.206896551724138,28.212592918493673,0.0,144.0,144.0,false
omaha_daily_bee_18910315_12_false.jpg,78.91666666666667,67.20436434712852,0.0,145.0,145.0,57.12301587301587,72.91190020980015,0.0,144.0,144.0,3.7923172242874843,3.033965584963719,1.0,25.0,24.0,76.65948275862068,69.34454956665594,0.0,144.0,144.0,false
omaha_daily_bee_18910321_9_clean_false.jpg,81.28174603174604,73.65468003639988,0.0,145.0,145.0,80.96428571428571,71.88108673400492,0.0,144.0,144.0,5.780838689929599,3.553477949961192,1.0,14.0,13.0,44.383620689655174,65.62488342386989,0.0,144.0,144.0,false
ottawa_free_trader_18501116_2_clean_false.jpg,69.39682539682539,71.20062797804663,0.0,145.0,145.0,52.551587301587304,66.78264985835347,0.0,144.0,144.0,4.808597748208802,3.80475484705353,1.0,17.0,16.0,71.94396551724138,76.06217656385697,0.0,144.0,144.0,false
ouachita_telegraph_18791121_4_clean_false.jpg,90.67857142857143,64.36751755477728,0.0,145.0,145.0,70.72222222222223,69.60219542848944,0.0,144.0,144.0,10.28272506082725,6.372031983661681,1.0,47.0,46.0,31.637931034482758,51.20195278916763,0.0,144.0,144.0,false
palestine_daily_herald_19040202_2_clean_false.jpg,85.33333333333333,54.59497331358552,0.0,145.0,145.0,69.62698412698413,57.59140235582429,0.0,144.0,144.0,13.746225736879943,23.226132089766274,1.0,209.0,208.0,2.3491379310344827,17.136908207356196,0.0,144.0,144.0,false
polynesian_18480108_2_clean_false.jpg,68.47222222222223,76.875255408876,0.0,145.0,145.0,68.0,76.34508123364222,0.0,144.0,144.0,4.041666666666667,1.3987841942995294,1.0,6.0,5.0,83.79310344827586,78.77066328436325,0.0,144.0,144.0,false
red_lake_news_19150301_2_false.jpg,95.29761904761905,70.53951897084015,0.0,145.0,145.0,87.31349206349206,71.20776348777426,0.0,144.0,144.0,6.55741469816273,4.0986823481157195,2.0,76.0,74.0,1.1293103448275863,11.632183705225227,0.0,131.0,131.0,false
red_lake_news_19160301_2_false.jpg,63.88095238095238,68.42068654007232,0.0,145.0,145.0,56.41269841269841,67.32912560180019,0.0,144.0,144.0,4.423841059602649,2.6123883870727678,1.0,14.0,13.0,57.89655172413793,68.07903077061567,0.0,144.0,144.0,false
scranton_tribune_19011009_4_false.jpg,157.65873015873015,39.4352270719819,0.0,145.0,145.0,156.57142857142858,39.16325998872647,0.0,144.0,144.0,169.0,0.0,169.0,169.0,0.0,0.6206896551724138,9.056304259961081,0.0,144.0,144.0,false
scranton_tribune_19010504_5_clean_false.jpg,61.42460317460318,73.87137348996298,0.0,145.0,145.0,60.357142857142854,73.95223968517887,0.0,144.0,144.0,11.913507109004739,9.270595492240785,5.0,72.0,67.0,92.54310344827586,78.29847818090876,0.0,144.0,144.0,false
scranton_tribune_19011026_5_clean_false.jpg,130.4484126984127,64.3736214487733,0.0,145.0,145.0,131.4484126984127,61.771435987540784,0.0,144.0,144.0,21.7790096082779,21.553469562108152,1.0,128.0,127.0,11.905172413793103,37.31360921801446,0.0,144.0,144.0,false
sn82015408_1848-01-08_ed-1_seq-2_0_0_false.jpg,55.74132492113565,87.8160748674687,0.0,186.0,186.0,55.4416403785489,87.34394543269768,0.0,185.0,185.0,6.266666666666667,12.834675254516252,1.0,54.0,53.0,125.2405498281787,102.14215406039781,0.0,185.0,185.0,false
sn82015408_1848-01-08_ed-1_seq-2_1_2_false.jpg,37.230283911671926,64.81944140926402,0.0,186.0,186.0,35.034700315457414,64.94633573860868,0.0,185.0,185.0,4.060665362035225,2.99438026821775,1.0,21.0,20.0,109.20618556701031,97.09618273472914,0.0,185.0,185.0,false
sn82015408_1848-01-08_ed-1_seq-2_2_4_false.jpg,66.80952380952381,86.45845263455747,0.0,193.0,193.0,98.0952380952381,84.51808444090331,0.0,192.0,192.0,7.717142857142857,4.291385771139052,1.0,51.0,50.0,42.013745704467354,75.82161798866065,0.0,192.0,192.0,false
sn82015408_1848-01-08_ed-1_seq-2_4_0_false.jpg,81.69400630914826,75.31002608746878,0.0,186.0,186.0,47.58990536277602,76.13033498680326,0.0,185.0,185.0,5.537909836065574,3.0640527739754346,1.0,35.0,34.0,89.46048109965636,88.32987870060472,0.0,185.0,185.0,false
sn82015408_1848-01-08_ed-1_seq-2_5_2_false.jpg,96.66561514195584,79.57560237005477,0.0,186.0,186.0,56.01261829652997,82.7978604684547,0.0,185.0,185.0,6.666502705361535,4.671389872615495,1.0,23.0,22.0,74.01030927835052,82.43978459010842,0.0,185.0,185.0,false
sn82015408_1848-01-08_ed-1_seq-2_6_4_false.jpg,67.75238095238095,89.03987285356986,0.0,193.0,193.0,88.99047619047619,87.78949578040036,0.0,192.0,192.0,7.40546218487395,5.894918676534135,1.0,62.0,61.0,58.11683848797251,88.06471007219974,0.0,192.0,192.0,false
sn82015408_1848-01-08_ed-1_seq-2_8_0_false.jpg,73.77602523659306,72.9865936693351,0.0,186.0,186.0,18.3596214511041,50.476608111017626,0.0,185.0,185.0,5.1208072768618536,5.586511635480902,1.0,31.0,30.0,108.27147766323024,91.89029394225845,0.0,185.0,185.0,false
sn82015408_1848-01-08_ed-1_seq-2_9_0_false.jpg,59.03154574132492,69.36205384028159,0.0,186.0,186.0,25.3596214511041,56.486509976641564,0.0,185.0,185.0,5.397301349325337,3.144428246779313,1.0,35.0,34.0,105.63917525773196,92.83163516553473,0.0,185.0,185.0,false
sn82015486_1868-11-19_ed-1_seq-1_0_0_false.jpg,145.8961038961039,42.83747565246464,0.0,137.0,137.0,144.83116883116884,42.52479334843221,0.0,136.0,136.0,0.0,0.0,2.147483647E9,-2.147483648E9,1.0,0.0,0.0,0.0,0.0,0.0,false
sn82015486_1868-11-19_ed-1_seq-1_0_6_false.jpg,110.03463203463204,72.79678205572922,0.0,142.0,142.0,109.25974025974025,72.28412866097054,0.0,141.0,141.0,82.5,8.5,74.0,91.0,17.0,31.774647887323944,58.54431303553727,0.0,141.0,141.0,false
sn82015486_1868-11-19_ed-1_seq-1_10_1_false.jpg,78.87878787878788,72.51743943368865,0.0,138.0,138.0,82.65367965367966,70.73937716351224,0.0,137.0,137.0,5.361833105335157,2.5057512897695675,1.0,18.0,17.0,55.39906103286385,68.78431028643155,0.0,137.0,137.0,false
sn82015486_1868-11-19_ed-1_seq-1_11_2_false.jpg,61.324675324675326,68.08216918181078,0.0,137.0,137.0,63.34199134199134,67.27841777688887,0.0,136.0,136.0,4.084050981743024,1.3305664258469023,1.0,14.0,13.0,59.99530516431925,69.83306317845454,0.0,136.0,136.0,false
sn82015486_1868-11-19_ed-1_seq-1_1_6_false.jpg,92.78787878787878,64.7398617765979,0.0,142.0,142.0,81.98701298701299,73.86165115701785,0.0,141.0,141.0,23.987465181058496,23.897497193769578,3.0,141.0,138.0,51.694835680751176,59.19070647021488,0.0,141.0,141.0,false
sn82015486_1868-11-19_ed-1_seq-1_3_3_false.jpg,60.506493506493506,67.25704893871043,0.0,137.0,137.0,63.887445887445885,67.4924933719761,0.0,136.0,136.0,4.681034482758621,1.075103346524174,1.0,7.0,6.0,57.990610328638496,68.37227316143944,0.0,136.0,136.0,false
sn82015486_1868-11-19_ed-1_seq-1_4_6_false.jpg,65.80086580086581,70.64411366586147,0.0,142.0,142.0,84.87445887445888,66.46257507134119,0.0,141.0,141.0,5.575689544579859,1.107099555191654,1.0,9.0,8.0,35.497652582159624,57.30013570415854,0.0,141.0,141.0,false
sn82015486_1868-11-19_ed-1_seq-1_6_4_false.jpg,79.51931330472102,69.82075275689431,0.0,138.0,138.0,69.72532188841201,71.05611265695967,0.0,137.0,137.0,5.8731060606060606,4.4694455341451835,1.0,25.0,24.0,51.91079812206573,65.90477312688532,0.0,137.0,137.0,false
sn82015486_1868-11-19_ed-1_seq-1_7_6_false.jpg,79.25108225108225,73.29441296544735,0.0,142.0,142.0,89.82251082251082,68.87206787025147,0.0,141.0,141.0,6.934286818708929,4.398089192183041,2.0,27.0,25.0,33.72769953051643,57.33977140127856,0.0,141.0,141.0,false
sn82015486_1868-11-19_ed-1_seq-1_9_0_false.jpg,81.53246753246754,70.38502575273453,0.0,137.0,137.0,73.15151515151516,71.82767372711876,0.0,136.0,136.0,4.758428805237316,1.6108999079221742,1.0,8.0,7.0,59.46948356807512,68.15538855212257,0.0,136.0,136.0,false
sn82016187_1907-02-21_ed-1_seq-1_0_3_false.jpg,86.01694915254237,75.5605902518971,0.0,140.0,140.0,85.61016949152543,74.88600301672436,0.0,139.0,139.0,24.666666666666668,24.073960113690458,2.0,58.0,56.0,61.77777777777778,72.38503450533808,0.0,139.0,139.0,false
sn82016187_1907-02-21_ed-1_seq-1_10_1_false.jpg,84.83050847457628,75.60951581368518,0.0,140.0,140.0,84.22457627118644,75.06944784358744,0.0,139.0,139.0,4.333333333333333,1.8053418676968946,2.0,12.0,10.0,62.4212962962963,72.57133388767463,0.0,139.0,139.0,false
sn82016187_1907-02-21_ed-1_seq-1_11_2_false.jpg,94.11440677966101,72.6462768703024,0.0,140.0,140.0,93.27118644067797,72.4908564529194,0.0,139.0,139.0,4.761410135347813,3.658164616430538,1.0,28.0,27.0,52.7037037037037,67.99351220850579,0.0,139.0,139.0,false
sn82016187_1907-02-21_ed-1_seq-1_1_2_false.jpg,105.87711864406779,70.11855037022858,0.0,140.0,140.0,109.40677966101696,66.56338975595496,0.0,139.0,139.0,13.792066538707614,14.318232644726368,5.0,62.0,57.0,22.25,49.11832285237871,0.0,139.0,139.0,false
sn82016187_1907-02-21_ed-1_seq-1_2_1_false.jpg,153.64406779661016,36.11933417207039,0.0,140.0,140.0,152.54661016949152,35.86133892798408,0.0,139.0,139.0,9.0,7.0,2.0,16.0,14.0,5.791666666666667,26.716890546358584,0.0,139.0,139.0,false
sn82016187_1907-02-21_ed-1_seq-1_3_0_false.jpg,76.25,70.07551541137241,0.0,140.0,140.0,74.02542372881356,70.9872810772112,0.0,139.0,139.0,4.97479501973884,1.0922952966455157,1.0,7.0,6.0,51.245370370370374,64.06857907172771,0.0,139.0,139.0,false
sn82016187_1907-02-21_ed-1_seq-1_3_6_false.jpg,72.87711864406779,58.57987328570603,0.0,144.0,144.0,39.82627118644068,60.74726613516489,0.0,143.0,143.0,6.475987193169691,7.503518186695115,1.0,37.0,36.0,49.425925925925924,61.63735560845382,0.0,143.0,143.0,false
sn82016187_1907-02-21_ed-1_seq-1_4_5_false.jpg,39.432203389830505,65.03116820640085,0.0,141.0,141.0,39.152542372881356,64.56995424749026,0.0,140.0,140.0,7.125,2.0879116360612584,5.0,11.0,6.0,103.05555555555556,76.907590928158,0.0,140.0,140.0,false
sn82016187_1907-02-21_ed-1_seq-1_5_0_false.jpg,94.80932203389831,69.0087158584328,0.0,140.0,140.0,81.5,74.22935996865345,0.0,139.0,139.0,5.751708428246014,3.5323595218109167,2.0,39.0,37.0,54.43518518518518,66.58266556377984,0.0,139.0,139.0,false
sn82016187_1907-02-21_ed-1_seq-1_5_4_false.jpg,66.5042372881356,71.02967443229717,0.0,140.0,140.0,70.28813559322033,68.47493525579927,0.0,139.0,139.0,3.895695801425931,1.802779287995632,1.0,29.0,28.0,40.8287037037037,62.22395808580048,0.0,139.0,139.0,false
sn82016187_1907-02-21_ed-1_seq-1_6_5_false.jpg,56.16101694915254,72.24293747071603,0.0,141.0,141.0,55.76271186440678,71.73057621205845,0.0,140.0,140.0,2.6923076923076925,0.8668790515065025,1.0,4.0,3.0,94.62962962962963,77.32080918456992,0.0,140.0,140.0,false
sn82016187_1907-02-21_ed-1_seq-1_7_6_false.jpg,67.86864406779661,71.75187131512764,0.0,144.0,144.0,73.17372881355932,69.64915993284914,0.0,143.0,143.0,3.9223650385604114,1.441984693560961,1.0,12.0,11.0,50.282407407407405,66.69005846238683,0.0,143.0,143.0,false
sn82016187_1907-02-21_ed-1_seq-1_9_0_false.jpg,71.50847457627118,71.55010952633782,0.0,140.0,140.0,60.23728813559322,71.03427084835741,0.0,139.0,139.0,3.648641153632834,1.6244652980652017,1.0,12.0,11.0,68.98611111111111,72.10266540919406,0.0,139.0,139.0,false
sn83016922_1841-11-13_ed-1_seq-4_0_1_false.jpg,164.48736462093862,56.01820050848813,0.0,161.0,161.0,163.46570397111913,55.67026137489515,0.0,160.0,160.0,121.0,0.0,121.0,121.0,0.0,1.2648221343873518,13.554868171674423,0.0,160.0,160.0,false
sn83016922_1841-11-13_ed-1_seq-4_0_4_false.jpg,174.57142857142858,60.95799825306262,0.0,169.0,169.0,173.53846153846155,60.597300038547196,0.0,168.0,168.0,0.0,0.0,2.147483647E9,-2.147483648E9,1.0,0.6640316205533597,10.152641050741309,0.0,168.0,168.0,false
sn83016922_1841-11-13_ed-1_seq-4_2_2_false.jpg,96.33454545454545,84.69124689633794,0.0,163.0,163.0,93.73818181818181,84.75275309690889,0.0,162.0,162.0,6.3310929281122155,3.6614420271833166,1.0,19.0,18.0,56.95652173913044,77.6501088120426,0.0,162.0,162.0,false
sn83016922_1841-11-13_ed-1_seq-4_3_4_false.jpg,69.33333333333333,87.46300805356375,0.0,169.0,169.0,109.1025641025641,72.92297725348374,0.0,168.0,168.0,6.0866856994549705,4.107908819022042,1.0,42.0,41.0,19.92094861660079,53.1403132288692,0.0,168.0,168.0,false
sn83016922_1841-11-13_ed-1_seq-4_5_2_false.jpg,72.31272727272727,85.54790952186492,0.0,163.0,163.0,71.86909090909091,85.0230757211178,0.0,162.0,162.0,4.25,1.613743060919757,1.0,8.0,7.0,96.68774703557312,88.97960130845789,0.0,162.0,162.0,false
sn83016922_1841-11-13_ed-1_seq-4_6_4_false.jpg,61.285714285714285,84.7300635752706,0.0,169.0,169.0,60.92307692307692,84.22870225233986,0.0,168.0,168.0,3.2083333333333335,2.4148700218069825,1.0,12.0,11.0,116.8695652173913,92.95024866907492,0.0,168.0,168.0,false
sn83016922_1841-11-13_ed-1_seq-4_8_0_false.jpg,109.58545454545454,81.61580987073837,0.0,163.0,163.0,102.77818181818182,84.12837928709047,0.0,162.0,162.0,8.67037786774629,3.5766599430815598,1.0,27.0,26.0,44.126482213438734,69.81568022329061,0.0,162.0,162.0,false
sn83025001_1880-10-09_ed-1_seq-3_0_2_false.jpg,197.23636363636365,103.61067713740938,0.0,224.0,224.0,196.35584415584415,103.1481294716175,0.0,223.0,223.0,19.571428571428573,17.638084953200803,1.0,60.0,59.0,41.69405099150141,85.55339840657754,0.0,223.0,223.0,false
sn83025001_1880-10-09_ed-1_seq-3_3_1_false.jpg,53.64229765013055,91.19459262375779,0.0,228.0,228.0,42.9556135770235,86.85218364275855,0.0,227.0,227.0,3.6557539682539684,4.409804487957283,1.0,35.0,34.0,160.08215297450425,121.03116625837879,0.0,227.0,227.0,false
sn83025001_1880-10-09_ed-1_seq-3_5_2_false.jpg,33.748051948051945,69.20274815492233,0.0,224.0,224.0,33.64675324675325,67.72882473818628,0.0,223.0,223.0,3.1564971751412427,3.4201395013303757,1.0,20.0,19.0,144.45609065155807,117.13721460260177,0.0,223.0,223.0,false
sn83025001_1886-03-04_ed-1_seq-7_0_3_false.jpg,162.17875647668393,122.38125060363144,0.0,231.0,231.0,161.47668393782382,121.8514616399794,0.0,230.0,230.0,10.428571428571429,9.902243269517827,6.0,53.0,47.0,87.71186440677967,114.88971138665302,0.0,230.0,230.0,false
sn83025001_1886-03-04_ed-1_seq-7_3_0_false.jpg,64.05181347150258,87.83115739834246,0.0,231.0,231.0,34.88860103626943,75.36821908339105,0.0,230.0,230.0,4.474325500435161,4.495863353713947,1.0,20.0,19.0,132.32485875706215,114.8117635693793,0.0,230.0,230.0,false
sn83025001_1886-03-04_ed-1_seq-7_5_0_false.jpg,47.696891191709845,73.98979708953335,0.0,231.0,231.0,21.264248704663213,51.2077064188629,0.0,230.0,230.0,4.716453674121405,4.567882947572164,1.0,33.0,32.0,105.80790960451978,111.39799984393322,0.0,230.0,230.0,false
sn83025001_1886-03-04_ed-1_seq-7_6_1_false.jpg,63.80569948186528,84.99466297627401,0.0,228.0,228.0,23.202072538860104,64.11152572062714,0.0,227.0,227.0,5.426007866273353,5.663775255036543,1.0,21.0,20.0,136.32485875706215,112.24806848765351,0.0,227.0,227.0,false
sn83025001_1886-06-26_ed-1_seq-3_0_0_false.jpg,153.53246753246754,123.16223157173434,0.0,230.0,230.0,152.86493506493505,122.62674360837919,0.0,229.0,229.0,9.55,7.61889099541404,2.0,41.0,39.0,99.90368271954674,118.77093917868629,0.0,229.0,229.0,false
sn83025001_1886-06-26_ed-1_seq-3_2_0_false.jpg,36.35324675324675,78.07125012870561,0.0,230.0,230.0,47.85194805194805,82.53559423024032,0.0,229.0,229.0,3.8554486462295814,2.346024466109395,1.0,17.0,16.0,145.42776203966005,123.77477448408881,0.0,229.0,229.0,false
sn83025001_1886-06-26_ed-1_seq-3_4_0_false.jpg,33.69090909090909,71.49622731092276,0.0,230.0,230.0,32.76103896103896,69.70323015708372,0.0,229.0,229.0,3.352229442079319,3.0610450356164227,1.0,18.0,17.0,153.9971671388102,123.24571819967973,0.0,229.0,229.0,false
sn83025001_1886-06-26_ed-1_seq-3_5_3_false.jpg,119.92467532467532,119.78904368173639,0.0,230.0,230.0,120.17922077922078,118.7055416135925,0.0,229.0,229.0,8.778440257572145,4.9402142573944845,1.0,25.0,24.0,98.45042492917847,115.4674988317256,0.0,229.0,229.0,false
the_daily_critic_18900909_2_false.jpg,98.92857142857143,64.49208623476873,0.0,145.0,145.0,85.83333333333333,70.12692574386611,0.0,144.0,144.0,11.218418514946963,11.890290367379674,1.0,119.0,118.0,21.42241379310345,45.30093874779627,0.0,144.0,144.0,false
sn83025287_1878-11-17_ed-1_seq-2_0_2_false.jpg,103.33006535947712,91.07553012365395,0.0,181.0,181.0,95.12745098039215,92.93571174434477,0.0,180.0,180.0,7.81803594351733,9.142008764787363,1.0,41.0,40.0,75.62857142857143,87.40154177779371,0.0,180.0,180.0,false
sn83025287_1878-11-17_ed-1_seq-2_1_5_false.jpg,84.11764705882354,95.30388309616106,0.0,180.0,180.0,83.65032679738562,94.77441707895997,0.0,179.0,179.0,3.9285714285714284,1.8694646183289043,1.0,8.0,7.0,106.76071428571429,98.30754856177103,0.0,179.0,179.0,false
sn83025287_1878-11-17_ed-1_seq-2_3_1_false.jpg,103.98692810457516,99.89570249322155,0.0,185.0,185.0,103.42483660130719,99.3557257229879,0.0,184.0,184.0,5.916666666666667,1.7300449576688937,1.0,9.0,8.0,89.37142857142857,97.80420999151077,0.0,184.0,184.0,false
sn83025287_1878-11-17_ed-1_seq-2_7_0_false.jpg,15.68954248366013,46.005207976113894,0.0,181.0,181.0,13.754901960784315,39.47446018360783,0.0,180.0,180.0,2.469118982742961,2.2940510763657422,1.0,11.0,10.0,136.31071428571428,96.61206581523773,0.0,180.0,180.0,false
sn83025287_1878-11-17_ed-1_seq-3_6_4_false.jpg,43.459016393442624,72.00464298244341,0.0,181.0,181.0,36.24590163934426,66.03362864941269,0.0,180.0,180.0,3.8448654585392643,3.7021651272391,1.0,17.0,16.0,106.61921708185054,95.66370336065057,0.0,180.0,180.0,false
sn83025287_1883-08-14_ed-1_seq-3_10_0_false.jpg,68.01311475409837,89.02146423429338,0.0,181.0,181.0,123.79672131147541,63.159050799303444,0.0,180.0,180.0,7.314044605183845,8.236717173819669,1.0,135.0,134.0,2.5622775800711746,20.50202694956147,0.0,180.0,180.0,false
sn83025287_1883-08-22_ed-1_seq-7_10_1_false.jpg,113.51315789473684,91.46458863304291,0.0,178.0,178.0,108.5657894736842,90.88005456420929,0.0,177.0,177.0,9.10417340666451,4.702555324648779,1.0,26.0,25.0,46.753571428571426,76.21919037687613,0.0,177.0,177.0,false
sn83025287_1883-08-22_ed-1_seq-7_5_0_false.jpg,50.266447368421055,81.49335842184776,0.0,181.0,181.0,58.85526315789474,78.89189554717252,0.0,180.0,180.0,4.316917084028937,5.392497504695274,1.0,40.0,39.0,97.07142857142857,97.58183482139837,0.0,180.0,180.0,false
sn83025287_1883-08-22_ed-1_seq-8_3_5_false.jpg,132.63606557377048,93.20643301653082,0.0,179.0,179.0,131.89508196721312,92.6857266868292,0.0,178.0,178.0,24.571428571428573,24.91618603499773,1.0,78.0,77.0,69.04626334519573,89.40793743595123,0.0,178.0,178.0,false
sn83030213_1852-05-05_ed-1_seq-3_0_1_false.jpg,50.17791411042945,87.43069451738582,0.0,196.0,196.0,69.6042944785276,89.77819171804309,0.0,195.0,195.0,5.670653566851772,6.823805414371679,1.0,28.0,27.0,116.06333333333333,106.99167733465084,0.0,195.0,195.0,false
sn83030214_1885-05-05_ed-1_seq-6_1_4_false.jpg,83.74698795180723,87.43271992636836,0.0,197.0,197.0,72.35240963855422,86.8085690751154,0.0,196.0,196.0,6.077209687435314,7.027612110680209,1.0,37.0,36.0,58.79934210526316,81.86497698976103,0.0,196.0,196.0,false
sn83045462_1855-04-16_ed-1_seq-1_4_3_false.jpg,82.02631578947368,104.34555989199701,0.0,203.0,203.0,81.50877192982456,103.88642962163566,0.0,202.0,202.0,4.035714285714286,1.4755663042938332,1.0,8.0,7.0,128.01910828025478,111.50508692104505,0.0,202.0,202.0,false
sn84020558_1891-05-30_ed-1_seq-3_2_1_false.jpg,44.4,65.5973414095418,0.0,135.0,135.0,54.0,64.49813089453747,0.0,134.0,134.0,3.1285373337879303,1.0918508271880594,1.0,18.0,17.0,40.13526570048309,61.83742808374605,0.0,134.0,134.0,false
sn84023127_1836-11-25_ed-1_seq-1_10_1_false.jpg,85.51724137931035,68.82913268322358,0.0,137.0,137.0,80.16810344827586,71.00054753010447,0.0,136.0,136.0,3.916795665634675,1.0261878769829058,1.0,7.0,6.0,54.20754716981132,64.55753557784399,0.0,136.0,136.0,false
sn84026355_1900-06-21_ed-1_seq-4_4_2_false.jpg,48.12719298245614,62.9572436552033,0.0,130.0,130.0,50.76754385964912,62.34514096032798,0.0,129.0,129.0,3.6825164594001465,0.6697629445461404,2.0,6.0,4.0,68.40865384615384,67.92066645660117,0.0,129.0,129.0,false
sn84026844_1865-08-02_ed-1_seq-1_0_4_false.jpg,111.4622641509434,51.55056996934572,0.0,125.0,125.0,109.35849056603773,53.09386217251128,0.0,124.0,124.0,31.19277108433735,13.397947901964011,5.0,48.0,43.0,17.896907216494846,42.546550752835664,0.0,124.0,124.0,false
sn84026844_1874-01-05_ed-1_seq-3_8_3_false.jpg,46.420731707317074,42.32189544760077,0.0,96.0,96.0,39.542682926829265,41.73452862356058,0.0,95.0,95.0,12.965309200603318,11.343146455491503,1.0,51.0,50.0,21.5,37.05751133497045,0.0,95.0,95.0,false
sn84026844_1883-06-28_ed-1_seq-2_2_6_false.jpg,37.5,50.4444531850912,0.0,100.0,100.0,37.125,49.940008653240284,0.0,99.0,99.0,5.1,5.223983154643608,1.0,16.0,15.0,64.92857142857143,54.60232590438892,0.0,99.0,99.0,false
sn84026844_1888-10-02_ed-1_seq-3_4_1_false.jpg,70.61904761904762,41.57457558745456,0.0,100.0,100.0,58.642857142857146,48.2826625248226,0.0,99.0,99.0,14.330370370370371,16.505053206345817,1.0,148.0,147.0,0.9285714285714286,6.326898167949255,0.0,50.0,50.0,false
sn84026994_1869-01-28_ed-2_seq-3_5_5_false.jpg,160.31360946745562,83.97302538956126,0.0,199.0,199.0,159.11834319526628,84.14291746379962,37.0,198.0,161.0,29.886363636363637,31.326880636495346,1.0,203.0,202.0,0.0,0.0,0.0,0.0,0.0,false
sn85026002_1863-02-27_ed-1_seq-1_2_3_false.jpg,59.4,68.0188893052921,0.0,129.0,129.0,69.25116279069768,64.6713388099095,0.0,128.0,128.0,3.5836518670979123,2.7643108719584615,1.0,17.0,16.0,47.431472081218274,63.27570028372453,0.0,128.0,128.0,false
sn85038518_1854-03-19_ed-1_seq-4_2_4_false.jpg,5.447183098591549,25.91488505155732,0.0,168.0,168.0,6.144366197183099,22.427913507762753,0.0,167.0,167.0,3.288065843621399,3.357833045447138,1.0,15.0,14.0,135.52692307692308,89.68920931089713,0.0,167.0,167.0,false
sn85042459_1881-07-28_ed-1_seq-4_6_3_false.jpg,45.766839378238345,51.615808411673484,0.0,106.0,106.0,48.52849740932643,51.444947924570236,0.0,105.0,105.0,2.5041056765440914,1.5702294150291756,1.0,9.0,8.0,52.08,54.76093066649928,0.0,105.0,105.0,false
sn85042459_1881-09-07_ed-1_seq-3_2_4_false.jpg,75.33507853403141,59.37529412326235,0.0,114.0,114.0,75.93717277486911,58.09781675383356,0.0,113.0,113.0,5.542815674891147,1.6818794076661325,1.0,16.0,15.0,33.16,50.67709682300648,0.0,113.0,113.0,false
sn85042459_1882-05-03_ed-1_seq-4_1_2_false.jpg,82.45643153526972,77.67796960905795,0.0,144.0,144.0,102.63485477178423,64.34344193391908,0.0,143.0,143.0,17.633268482490273,14.058685443480577,1.0,75.0,74.0,33.64705882352941,60.23064924808447,0.0,143.0,143.0,false
sn85042459_1883-01-25_ed-1_seq-4_2_7_false.jpg,103.6,22.69022305360227,0.0,96.0,96.0,102.38888888888889,22.90796056100306,0.0,95.0,95.0,141.0,0.0,141.0,141.0,0.0,0.5864197530864198,7.064404373936671,0.0,95.0,95.0,false
sn85042459_1883-02-08_ed-1_seq-4_11_1_false.jpg,65.05084745762711,51.93342372647648,0.0,106.0,106.0,69.46327683615819,45.878587942391746,0.0,105.0,105.0,13.664615384615384,16.178755593196215,1.0,90.0,89.0,0.0,0.0,0.0,0.0,0.0,false
sn85042459_1883-02-08_ed-1_seq-4_5_4_false.jpg,86.58757062146893,49.64738202498368,0.0,105.0,105.0,93.65536723163842,42.27124176829556,0.0,104.0,104.0,17.59652928416486,11.092878883489288,1.0,38.0,37.0,17.875776397515526,38.15721646509946,0.0,104.0,104.0,false
sn85042459_1883-02-24_ed-1_seq-4_7_5_false.jpg,53.30769230769231,46.127261292488825,0.0,104.0,104.0,47.41208791208791,48.11900536838691,0.0,103.0,103.0,13.11367673179396,15.464548622625145,1.0,66.0,65.0,33.68072289156626,44.40904534218613,0.0,103.0,103.0,false
sn85042459_1883-03-15_ed-1_seq-4_11_4_false.jpg,68.38418079096046,53.67143062951491,0.0,106.0,106.0,72.01694915254237,50.77926165113979,0.0,105.0,105.0,6.842391304347826,5.693995791224602,1.0,44.0,43.0,15.337423312883436,36.17018029793248,0.0,105.0,105.0,false
sn85042459_1883-03-15_ed-1_seq-4_1_8_false.jpg,16.23728813559322,33.2609033628064,0.0,106.0,106.0,16.16949152542373,33.09109828883839,0.0,105.0,105.0,5.167420814479638,6.728119812664129,1.0,30.0,29.0,70.4601226993865,55.8961732430819,0.0,105.0,105.0,false
sn85042459_1883-03-15_ed-1_seq-4_3_5_false.jpg,57.12429378531073,51.535960457495946,0.0,105.0,105.0,48.836158192090394,53.25301920347712,0.0,104.0,104.0,5.240139211136891,6.215138615386032,1.0,26.0,25.0,42.22085889570552,50.572769414989395,0.0,104.0,104.0,false
sn85042459_1884-07-26_ed-1_seq-4_5_5_false.jpg,55.79661016949152,50.809323342573876,0.0,106.0,106.0,44.91525423728814,51.463379022345,0.0,105.0,105.0,5.588428665351742,5.0839343159799,1.0,20.0,19.0,36.61490683229814,45.97236828638944,0.0,105.0,105.0,false
sn85042461_1895-04-25_ed-1_seq-1_7_4_false.jpg,70.01659751037344,76.16865287648815,0.0,143.0,143.0,77.95850622406638,71.36707635603678,0.0,142.0,142.0,5.00371245359433,4.973264978910654,3.0,29.0,26.0,49.47511312217195,68.8930737239309,0.0,142.0,142.0,false
sn85047165_1900-07-18_ed-1_seq-2_9_1_false.jpg,125.07662835249042,81.50351189843117,0.0,160.0,160.0,124.27969348659003,81.01348893110038,0.0,159.0,159.0,8.05,1.3219304066402175,6.0,12.0,6.0,52.780082987551864,76.12980696405663,0.0,159.0,159.0,false
sn85066387_1896-09-03_ed-1_seq-6_4_5_false.jpg,62.12582781456954,87.74384059316033,0.0,177.0,177.0,72.22185430463576,83.63219638674752,0.0,176.0,176.0,7.689609236234459,6.450385756020892,1.0,33.0,32.0,81.03597122302158,92.5341173392144,0.0,176.0,176.0,false
sn86053573_1875-01-15_ed-1_seq-2_12_3_false.jpg,68.88444444444444,65.03739538043523,0.0,134.0,134.0,67.6,65.20437340478873,0.0,133.0,133.0,5.53960396039604,5.0985109450565735,1.0,37.0,36.0,39.71980676328502,58.06758136508428,0.0,133.0,133.0,false
sn86069180_1898-07-16_ed-1_seq-3_8_0_false.jpg,98.32270916334662,72.91162460867417,0.0,155.0,155.0,64.52988047808765,75.2160906623975,0.0,154.0,154.0,8.706526145115525,8.702895094598585,1.0,76.0,75.0,50.798283261802574,65.92660388114636,0.0,154.0,154.0,false
sn86069180_1898-08-13_ed-1_seq-3_0_5_false.jpg,138.0495867768595,59.152164434860794,0.0,144.0,144.0,137.0909090909091,58.74138551517407,0.0,143.0,143.0,0.0,0.0,2.147483647E9,-2.147483648E9,1.0,10.306306306306306,35.752769554274444,0.0,143.0,143.0,false
sn86069395_1890-12-02_ed-1_seq-4_8_4_false.jpg,74.6086956521739,54.026905801697254,0.0,104.0,104.0,77.20108695652173,50.62810632644047,0.0,103.0,103.0,8.498349834983498,1.7078243304339211,6.0,23.0,17.0,22.071428571428573,41.674793055515586,0.0,103.0,103.0,false
sn88064368_1851-09-17_ed-1_seq-4_6_1_false.jpg,72.15181518151815,78.270115595737,0.0,180.0,180.0,51.227722772277225,77.70018516375066,0.0,179.0,179.0,6.276850393700787,6.8703092459581505,1.0,40.0,39.0,92.73835125448029,86.57630262880092,0.0,179.0,179.0,false
sn88064458_1913-08-21_ed-1_seq-3_2_2_false.jpg,71.63157894736842,77.55500156016456,0.0,169.0,169.0,87.0280701754386,81.44547084160293,0.0,168.0,168.0,8.19425971298565,1.7047757517546716,1.0,13.0,12.0,51.93536121673004,71.34629984141155,0.0,168.0,168.0,false
sn88077244_1866-09-26_ed-1_seq-2_7_3_false.jpg,88.38709677419355,68.24854306807147,0.0,134.0,134.0,92.07373271889401,66.26893721150124,0.0,133.0,133.0,7.5423340961098395,4.58803209316612,1.0,46.0,45.0,33.3681592039801,56.10365614619889,0.0,133.0,133.0,false
sn90059061_1916-03-01_ed-1_seq-2_0_1_false.jpg,306.8073022312373,95.93902923840744,0.0,292.0,292.0,305.75659229208924,95.61047091909656,0.0,291.0,291.0,50.0,58.69128271444292,8.0,133.0,125.0,5.139072847682119,36.822092049779634,0.0,291.0,291.0,false
sn96061150_1889-03-07_ed-1_seq-4_9_6_false.jpg,52.04716981132076,56.719383930931706,0.0,130.0,130.0,45.344339622641506,56.08606666518394,0.0,129.0,129.0,6.855813953488372,6.914269112547985,1.0,50.0,49.0,41.48453608247423,60.0315505427126,0.0,129.0,129.0,false
sn99066040_1861-10-05_ed-1_seq-1_1_5_false.jpg,45.467248908296945,66.71295702803052,0.0,137.0,137.0,60.353711790393014,63.139223935274714,0.0,136.0,136.0,2.9089472020233953,2.5887824840991827,1.0,66.0,65.0,42.94736842105263,63.76653640055697,0.0,136.0,136.0,false
sn99066040_1861-10-05_ed-1_seq-4_2_6_false.jpg,50.62222222222222,67.7143145587336,0.0,134.0,134.0,50.24444444444445,67.20898385307149,0.0,133.0,133.0,3.65,2.6884010117540096,1.0,14.0,13.0,84.81159420289855,73.20127435854211,0.0,133.0,133.0,false
sn99066040_1861-10-19_ed-1_seq-1_4_1_false.jpg,61.5972850678733,65.03971551236857,0.0,129.0,129.0,69.75113122171946,60.90643971153122,0.0,128.0,128.0,3.804165371464097,4.192768178625606,1.0,59.0,58.0,37.152709359605915,56.736130389894385,0.0,128.0,128.0,false
sn99066040_1861-10-19_ed-1_seq-1_5_4_false.jpg,64.10859728506787,65.96141013383932,0.0,136.0,136.0,59.800904977375566,66.29837884816065,0.0,135.0,135.0,3.4038067349926795,3.2274513655464627,1.0,26.0,25.0,58.11330049261084,66.67209483618812,0.0,135.0,135.0,false
sn99066040_1862-05-24_ed-1_seq-4_8_6_false.jpg,90.70776255707763,62.31104913208894,0.0,133.0,133.0,123.83561643835617,36.227868315568394,46.0,132.0,86.0,36.99183673469388,40.542141525621815,1.0,123.0,122.0,0.0,0.0,0.0,0.0,0.0,false
sn99066040_1864-09-24_ed-1_seq-4_6_2_false.jpg,66.0,62.612813740036025,0.0,130.0,130.0,54.99111111111111,64.16093293384229,0.0,129.0,129.0,3.563901018922853,2.959735802282839,1.0,30.0,29.0,58.91787439613527,63.89190176584456,0.0,129.0,129.0,false
st_johnsbury_caledonian_18830427_false.jpg,140.73015873015873,56.24629947395222,0.0,145.0,145.0,138.98809523809524,54.40558395603931,0.0,144.0,144.0,39.09855072463768,53.07284163900335,1.0,182.0,181.0,0.375,4.981812158336801,0.0,79.0,79.0,false
the_daily_critic_18901027_1_clean_false.jpg,86.92857142857143,70.84875096600834,0.0,145.0,145.0,67.85317460317461,74.10678391483889,0.0,144.0,144.0,4.78952772073922,3.9546132942080057,1.0,46.0,45.0,58.258620689655174,67.95324689147543,0.0,144.0,144.0,false
the_daily_critic_18901027_2_clean_false.jpg,88.52777777777777,64.4843660557229,0.0,145.0,145.0,85.19444444444444,67.34867910152043,0.0,144.0,144.0,6.3523893286426265,9.38568100477925,1.0,206.0,205.0,14.724137931034482,37.64544061355038,0.0,142.0,142.0,false
the_daily_critic_18901028_2_clean_false.jpg,80.73412698412699,74.38166162947482,0.0,145.0,145.0,74.3452380952381,73.89924188437386,0.0,144.0,144.0,5.815393689177234,4.516637106174449,1.0,17.0,16.0,47.75,67.40975743040022,0.0,144.0,144.0,false
the_daily_critic_18901106_1_clean_false.jpg,101.42063492063492,70.27352002630882,0.0,145.0,145.0,91.33730158730158,75.04068804179498,0.0,144.0,144.0,7.9102829537612145,6.770890112976856,2.0,59.0,57.0,34.64224137931034,57.54577404223715,0.0,144.0,144.0,false
the_daily_critic_18901110_3_clean_false.jpg,90.36507936507937,59.72698883351912,0.0,145.0,145.0,79.17063492063492,67.44284124037999,0.0,144.0,144.0,13.505450372920253,16.495791257615767,1.0,120.0,119.0,28.379310344827587,48.12072265081124,0.0,144.0,144.0,false
the_daily_critic_18901112_2_clean_false.jpg,81.14682539682539,67.03915668306534,0.0,145.0,145.0,66.33730158730158,69.82390782831034,0.0,144.0,144.0,5.628848728246319,6.132718703914844,1.0,37.0,36.0,35.797413793103445,58.010294282384216,0.0,144.0,144.0,false
the_daily_critic_18901208_2_clean_false.jpg,97.56746031746032,75.79385650741976,0.0,145.0,145.0,109.0515873015873,68.65658971115295,0.0,144.0,144.0,24.20065075921909,16.179909062697647,1.0,91.0,90.0,41.452586206896555,65.4203509738867,0.0,144.0,144.0,false
the_evening_world_18871010_4_false.jpg,89.80555555555556,74.10585611173325,0.0,145.0,145.0,80.48015873015873,75.76495910143959,0.0,144.0,144.0,6.626050420168068,4.832602836590187,4.0,35.0,31.0,54.94827586206897,70.13979545534161,0.0,144.0,144.0,false
the_evening_world_18871011_3_clean_false.jpg,31.055555555555557,47.90091183367344,0.0,145.0,145.0,26.833333333333332,47.39759219656342,0.0,144.0,144.0,5.952173913043478,4.143761110834849,1.0,21.0,20.0,88.60775862068965,76.87286091359452,0.0,144.0,144.0,false
the_evening_world_18900327_2_clean_false.jpg,95.0436507936508,72.64403207618302,0.0,145.0,145.0,94.26587301587301,71.34799470669411,0.0,144.0,144.0,7.147551546391752,7.666040503073576,2.0,102.0,100.0,24.129310344827587,52.221545881876104,0.0,144.0,144.0,false
the_radical_18411113_4_clean_false.jpg,84.60714285714286,71.12467751903411,0.0,145.0,145.0,72.75,73.28211144026118,0.0,144.0,144.0,5.593099160708735,3.817094494870279,1.0,28.0,27.0,48.05603448275862,65.13873133926992,0.0,144.0,144.0,false
the_sun_19150512_6_clean_false.jpg,90.73412698412699,74.56508106783524,0.0,145.0,145.0,83.89682539682539,75.2615466192722,0.0,144.0,144.0,6.1826985151710785,4.453859013971664,3.0,24.0,21.0,48.63793103448276,67.99141790453261,0.0,144.0,144.0,false
the_voice_of_the_people_19130717_1_false.jpg,97.18650793650794,67.95318351697576,0.0,145.0,145.0,88.34126984126983,66.62555664771487,11.0,144.0,133.0,10.781837160751566,10.612672338359202,1.0,112.0,111.0,0.0,0.0,0.0,0.0,0.0,false
the_voice_of_the_people_19130814_2_clean_false.jpg,95.69047619047619,69.90588564223104,0.0,145.0,145.0,84.85714285714286,74.9330734755081,0.0,144.0,144.0,4.414403778040142,2.337402940779673,2.0,19.0,17.0,43.73706896551724,62.38103307661306,0.0,144.0,144.0,false
the_voice_of_the_people_19130821_3_clean_false.jpg,91.56349206349206,80.42445471703067,0.0,153.0,153.0,109.47222222222223,70.76208835349722,0.0,152.0,152.0,8.665920119447556,4.590998483973223,4.0,59.0,55.0,15.198275862068966,43.628126590301335,0.0,152.0,152.0,false
the_voice_of_the_people_19141008_2_false.jpg,82.85317460317461,73.92566287032815,0.0,145.0,145.0,83.58333333333333,73.53342561406795,0.0,144.0,144.0,8.799645390070921,8.05643069382274,3.0,37.0,34.0,70.625,74.85075759602178,0.0,144.0,144.0,false
the_voice_of_the_people_19141008_3_false.jpg,95.46428571428571,72.95797205755458,0.0,145.0,145.0,98.4920634920635,69.87039307243325,0.0,144.0,144.0,8.493702770780857,6.598011478850803,1.0,42.0,41.0,24.137931034482758,52.11698570820464,0.0,144.0,144.0,false
the_weekly_sun_18611005_1_clean_false.jpg,75.63888888888889,69.17756177338173,0.0,145.0,145.0,73.43650793650794,70.29735960099673,0.0,144.0,144.0,5.007505629221916,4.792981662044004,1.0,36.0,35.0,35.310344827586206,58.229553959036686,0.0,144.0,144.0,false
the_weekly_sun_18611005_4_clean_false.jpg,70.88492063492063,70.36706068277199,0.0,145.0,145.0,67.19047619047619,70.93846596875811,0.0,144.0,144.0,3.3563701923076925,2.648362816259814,1.0,23.0,22.0,55.14224137931034,69.6089315890784,0.0,144.0,144.0,false
the_weekly_sun_18611012_1_clean_false.jpg,94.99603174603175,71.01262613368675,0.0,145.0,145.0,93.9047619047619,69.85220989867963,0.0,144.0,144.0,7.307345360824742,6.280872014471359,2.0,70.0,68.0,20.012931034482758,44.61350497042324,0.0,144.0,144.0,false
the_weekly_sun_18611019_1_clean_false.jpg,62.79365079365079,70.38631503446751,0.0,145.0,145.0,82.0079365079365,66.42153873321631,0.0,144.0,144.0,4.835990888382688,8.793174167799176,1.0,60.0,59.0,40.64224137931034,63.671891020915396,0.0,144.0,144.0,false
the_weekly_sun_18620208_4_clean_false.jpg,123.71031746031746,69.42675106637523,0.0,145.0,145.0,122.85714285714286,68.94794588660733,0.0,144.0,144.0,5.296296296296297,4.318906024161887,2.0,24.0,22.0,33.51724137931034,60.48824618005126,0.0,144.0,144.0,false
the_weekly_sun_18620222_3_clean_false.jpg,93.61507936507937,71.56437477592775,0.0,145.0,145.0,89.22222222222223,73.2449503469199,0.0,144.0,144.0,5.286075949367088,3.374991202134397,2.0,41.0,39.0,36.62068965517241,58.64788713550335,0.0,144.0,144.0,false
the_weekly_sun_18620322_4_clean_false.jpg,104.1547619047619,71.64054572904254,0.0,145.0,145.0,93.0515873015873,75.2760489571103,0.0,144.0,144.0,11.269754768392371,15.78839071632221,1.0,94.0,93.0,27.586206896551722,52.941350046450246,0.0,144.0,144.0,false
the_weekly_sun_18620524_4_clean_false.jpg,61.214285714285715,66.06542045367912,0.0,145.0,145.0,75.7936507936508,51.86940483744013,27.0,144.0,117.0,3.90845498783455,5.5437171247646155,1.0,226.0,225.0,0.0,0.0,0.0,0.0,0.0,false
the_weekly_sun_18630919_2_clean_false.jpg,73.13888888888889,68.14401280730007,0.0,145.0,145.0,47.88095238095238,68.95540053334909,0.0,144.0,144.0,3.6876299376299375,3.139618870009029,1.0,22.0,21.0,77.09913793103448,71.92749423902538,0.0,144.0,144.0,false
the_weekly_sun_18640813_2_clean_false.jpg,139.5079365079365,54.17182029257095,0.0,145.0,145.0,130.93650793650792,62.72655041859103,0.0,144.0,144.0,20.70715835140998,40.55693621681154,1.0,189.0,188.0,15.21551724137931,40.6876358005489,0.0,144.0,144.0,false
the_weekly_sun_18640924_4_clean_false.jpg,162.8373015873016,29.722383056036232,0.0,145.0,145.0,161.71428571428572,29.517401103925593,0.0,144.0,144.0,77.0,73.0,4.0,150.0,146.0,1.8620689655172413,15.634434301458358,0.0,144.0,144.0,false
the_weekly_sun_18641029_1_clean_false.jpg,91.52380952380952,70.3379804009219,0.0,145.0,145.0,87.49603174603175,71.95443323863384,0.0,144.0,144.0,5.384869325997249,5.566617137763348,1.0,40.0,39.0,33.831896551724135,58.264513435667546,0.0,144.0,144.0,false
the_weekly_sun_18650520_2_clean_false.jpg,50.71825396825397,71.68646687477201,0.0,145.0,145.0,50.285714285714285,71.23009158720667,0.0,144.0,144.0,2.121212121212121,1.199938780195337,1.0,6.0,5.0,100.55172413793103,79.17625846726506,0.0,144.0,144.0,false
washington_evening_star_18650416_false.jpg,77.91666666666667,69.42369054957982,0.0,145.0,145.0,58.361111111111114,73.65618416405006,0.0,144.0,144.0,4.680564071122011,2.887590935507372,1.0,17.0,16.0,78.1896551724138,70.94203136082719,0.0,144.0,144.0,false
wheeling_daily_intelligencer_18650802_1_clean_false.jpg,61.32936507936508,66.34237015064731,0.0,145.0,145.0,62.392857142857146,64.30974701948689,0.0,144.0,144.0,9.874928936895964,14.223435976030816,1.0,101.0,100.0,37.439655172413794,61.43773176321012,0.0,144.0,144.0,false
wheeling_daily_intelligencer_18740101_3_clean_false.jpg,78.64393939393939,59.46465150729365,0.0,145.0,145.0,49.96969696969697,67.01867389371141,0.0,144.0,144.0,13.119294605809129,12.926270378282384,1.0,120.0,119.0,70.54583333333333,64.74414598186036,0.0,136.0,136.0,false
wheeling_daily_intelligencer_18740102_4_clean_false.jpg,83.50396825396825,65.71855134615856,0.0,145.0,145.0,72.8452380952381,69.39004085370823,0.0,144.0,144.0,7.6220504475183075,7.427432627607643,1.0,63.0,62.0,19.21551724137931,44.59475580856952,0.0,144.0,144.0,false
wheeling_daily_intelligencer_18740115_3_false.jpg,44.37301587301587,59.10864559087,0.0,145.0,145.0,36.57539682539682,59.08928255916698,0.0,144.0,144.0,8.513849092645653,8.553196042905956,1.0,46.0,45.0,89.71120689655173,73.04465058857265,0.0,144.0,144.0,false
wheeling_daily_intelligencer_18830627_3_clean_false.jpg,26.511904761904763,56.61842076685669,0.0,145.0,145.0,25.813492063492063,55.98385338143658,0.0,144.0,144.0,0.0,0.0,2.147483647E9,-2.147483648E9,1.0,140.85344827586206,69.14672331953213,0.0,144.0,144.0,false
wheeling_daily_intelligencer_18830628_2_clean_false.jpg,63.12301587301587,67.16692459162684,0.0,145.0,145.0,59.432539682539684,69.04547664594028,0.0,144.0,144.0,7.452901281085155,7.3056226516711655,1.0,42.0,41.0,70.20258620689656,72.276312081888,0.0,144.0,144.0,false
wheeling_daily_intelligencer_18880703_3_false.jpg,74.6984126984127,77.69337835957651,0.0,145.0,145.0,73.73412698412699,77.16805922491153,0.0,144.0,144.0,5.428571428571429,4.1354613788943295,1.0,20.0,19.0,68.27586206896552,76.12957760986362,0.0,144.0,144.0,false
wheeling_daily_intelligencer_18881002_3_clean_false.jpg,96.57142857142857,67.6889824706398,0.0,145.0,145.0,78.61507936507937,73.57437571609243,0.0,144.0,144.0,7.822623074032319,6.454951229426498,1.0,33.0,32.0,45.49568965517241,60.909574898669675,0.0,144.0,144.0,false
wheeling_daily_intelligencer_18881009_4_false.jpg,72.87301587301587,65.64252301004659,0.0,145.0,145.0,66.2063492063492,66.97296819499539,0.0,144.0,144.0,4.539825422804146,5.563615274054803,1.0,47.0,46.0,36.61206896551724,59.493161120488004,0.0,144.0,144.0,false
