burlington_free_press_18361125_1_true.jpg,100.09920634920636,67.77914531139079,0.0,145.0,145.0,92.82539682539682,65.24813054880943,11.0,144.0,133.0,8.716579686872741,8.290875776398828,1.0,89.0,88.0,0.0,0.0,0.0,0.0,0.0,true
cheyenne_transporter_18800825_6_true.jpg,98.48412698412699,62.63288648024974,0.0,145.0,145.0,73.13888888888889,74.40512317372593,0.0,144.0,144.0,6.531301755548195,6.751634007420443,1.0,50.0,49.0,53.80603448275862,61.82371491646651,0.0,144.0,144.0,true
cheyenne_transporter_18801009_3_clean_true.jpg,71.82936507936508,64.55237013389905,0.0,145.0,145.0,57.51587301587302,62.601462400635626,0.0,144.0,144.0,5.756904069767442,7.0497703456810745,1.0,136.0,135.0,0.6206896551724138,9.05630425996108,0.0,144.0,144.0,true
cheyenne_transporter_18860304_7_clean_true.jpg,76.9563492063492,59.84141039909626,0.0,145.0,145.0,57.01587301587302,64.38263249360845,5.0,144.0,139.0,4.907265425337714,10.69133543158713,1.0,141.0,140.0,0.0,0.0,0.0,0.0,0.0,true
cheyenne_transporter_18860626_3_clean_true.jpg,90.32936507936508,63.74931850683029,0.0,145.0,145.0,69.91666666666667,70.21230559626173,0.0,144.0,144.0,7.970703979011806,8.564399860984707,1.0,56.0,55.0,23.08189655172414,47.23038708916555,0.0,144.0,144.0,true
cleveland_morning_leader_18621125_1_clean_true.jpg,52.638888888888886,41.14959320775871,0.0,145.0,145.0,23.658730158730158,45.995648916531046,0.0,144.0,144.0,9.270413573700955,15.795620845631426,1.0,116.0,115.0,13.03448275862069,35.33108694689032,0.0,135.0,135.0,true
columbia_democrat_18370603_3_true.jpg,93.76984126984127,72.91353989316157,0.0,145.0,145.0,87.66666666666667,75.037450966961,0.0,144.0,144.0,6.778122843340235,3.303506982139568,3.0,26.0,23.0,45.99568965517241,64.98616427331623,0.0,144.0,144.0,true
columbia_herald_18691015_4_clean_true.jpg,20.928571428571427,51.37810732730871,0.0,145.0,145.0,20.8015873015873,51.036693017098905,0.0,144.0,144.0,4.571428571428571,0.9035079029052496,3.0,6.0,3.0,124.13793103448276,75.46154907065832,0.0,144.0,144.0,true
daily_dispatch_18580904_3_clean_edge_true.jpg,34.96825396825397,41.877551204584115,0.0,145.0,145.0,33.523809523809526,34.5133575546086,0.0,144.0,144.0,4.999014778325123,5.843188870145767,1.0,91.0,90.0,3.793103448275862,20.82178503324419,0.0,139.0,139.0,true
daily_dispatch_18580907_2_clean_true.jpg,68.01587301587301,60.15831164334288,0.0,145.0,145.0,43.81349206349206,66.6388224367802,0.0,144.0,144.0,4.031746031746032,10.71512048482345,1.0,165.0,164.0,74.63362068965517,67.83885518195817,0.0,144.0,144.0,true
daily_globe_18781117_2_clean_true.jpg,61.567460317460316,75.35407771938141,0.0,145.0,145.0,61.142857142857146,74.83439442476498,0.0,144.0,144.0,3.36,2.480000000000011,1.0,10.0,9.0,91.86206896551724,79.27567458093048,0.0,144.0,144.0,true
daily_globe_18781117_3_clean_true.jpg,89.38492063492063,57.28062250354562,0.0,145.0,145.0,63.23015873015873,70.84743719035293,0.0,144.0,144.0,5.485289027345102,11.976000357234335,1.0,206.0,205.0,42.14655172413793,50.49648735569784,0.0,127.0,127.0,true
daily_globe_18830814_3_true.jpg,63.12301587301587,55.60117801982728,0.0,145.0,145.0,49.63095238095238,54.32935313365108,0.0,144.0,144.0,8.888427846934071,24.3200289472272,1.0,163.0,162.0,23.719827586206897,49.77895907390692,0.0,144.0,144.0,true
daily_globe_18830822_7_true.jpg,106.83333333333333,59.15865136855337,0.0,145.0,145.0,83.82539682539682,70.76558146236269,5.0,144.0,139.0,7.721393034825871,9.493402966463924,1.0,145.0,144.0,0.0,0.0,0.0,0.0,0.0,true
daily_globe_18830822_8_clean_edge_true.jpg,93.08730158730158,52.39922017057506,0.0,145.0,145.0,59.32142857142857,69.03835235729422,0.0,144.0,144.0,7.3886853886853885,15.784901899689663,1.0,145.0,144.0,40.28448275862069,49.58527363155145,0.0,144.0,144.0,true
daily_globe_18830915_5_clean_true.jpg,68.23412698412699,54.114350031010204,0.0,145.0,145.0,45.138888888888886,62.77620977111895,0.0,144.0,144.0,7.422907488986784,11.012659520246418,1.0,73.0,72.0,66.63793103448276,61.794011433213846,0.0,144.0,144.0,true
daily_globe_18830916_9_clean_true.jpg,89.55952380952381,64.08237525206304,0.0,145.0,145.0,75.01587301587301,71.3067835511636,0.0,144.0,144.0,6.701561391057488,8.550314765369656,1.0,119.0,118.0,44.55603448275862,58.671763957608896,0.0,144.0,144.0,true
daily_los_angeles_herald_18790109_3_clean_true.jpg,92.05952380952381,68.13445275639432,0.0,145.0,145.0,75.7936507936508,75.38324462961685,0.0,144.0,144.0,6.512802019473495,5.456076307412458,1.0,35.0,34.0,52.35775862068966,64.50612311745307,0.0,144.0,144.0,true
daily_los_angeles_herald_18790523_3_clean_edge_true.jpg,46.182539682539684,41.460124950503314,0.0,145.0,145.0,3.4206349206349205,19.370104548539764,0.0,144.0,144.0,8.717391304347826,6.109441109059216,1.0,50.0,49.0,103.10775862068965,61.82739862901665,0.0,144.0,144.0,true
daily_los_angeles_herald_18810727_4_true.jpg,84.13492063492063,56.89638549721466,0.0,145.0,145.0,39.32142857142857,60.82949286970814,0.0,144.0,144.0,7.093313184737439,8.968735345200225,1.0,109.0,108.0,16.538793103448278,36.36496137549077,0.0,144.0,144.0,true
daily_los_angeles_herald_18810728_4_clean_true.jpg,72.32539682539682,67.32254706140849,0.0,145.0,145.0,56.083333333333336,71.07059702791824,0.0,144.0,144.0,4.507100591715976,3.9665326841285427,1.0,71.0,70.0,64.59482758620689,71.34232953516539,0.0,144.0,144.0,true
daily_los_angeles_herald_18810907_3_clean_edge_true.jpg,62.69047619047619,45.55170209748449,0.0,145.0,145.0,17.825396825396826,45.91214562703624,0.0,144.0,144.0,5.257976298997265,8.669301275251604,1.0,126.0,125.0,90.44827586206897,59.15232063736286,0.0,144.0,144.0,true
daily_los_angeles_herald_18830125_4_clean_true.jpg,82.71825396825396,58.31660098309362,0.0,145.0,145.0,45.99603174603175,65.41588121280033,0.0,144.0,144.0,4.704422869471413,5.956845756132475,1.0,60.0,59.0,29.150862068965516,51.550291146313604,0.0,144.0,144.0,true
daily_los_angeles_herald_18830208_4_clean_true.jpg,86.32539682539682,60.885267668180745,0.0,145.0,145.0,71.48809523809524,64.07382534188459,0.0,144.0,144.0,7.412318220701454,10.427691575685616,1.0,118.0,117.0,8.155172413793103,31.221227813032723,0.0,144.0,144.0,true
daily_los_angeles_herald_18840725_3_true.jpg,105.6984126984127,60.187954269191124,0.0,145.0,145.0,89.07936507936508,72.94429302187875,0.0,144.0,144.0,7.851278357940223,10.149150187879208,1.0,119.0,118.0,29.75,48.08652089789292,0.0,144.0,144.0,true
daily_los_angeles_herald_18840726_4_true.jpg,82.71825396825396,67.22575503999596,0.0,145.0,145.0,61.833333333333336,72.10590755799346,0.0,144.0,144.0,4.66150248465361,5.679134048603973,1.0,53.0,52.0,56.01293103448276,65.95242615665126,0.0,144.0,144.0,true
daily_los_angeles_herald_18840809_3_true.jpg,44.15079365079365,51.53065056164059,0.0,145.0,145.0,25.96825396825397,48.48843560956653,0.0,144.0,144.0,7.280503144654088,7.971998778645148,1.0,39.0,38.0,70.37931034482759,68.98310325862803,0.0,144.0,144.0,true
daily_los_angeles_herald_18840810_4_true.jpg,91.97619047619048,64.79320472115062,0.0,145.0,145.0,78.08333333333333,70.7014037488897,0.0,144.0,144.0,8.596229723805349,11.425935709097098,1.0,123.0,122.0,27.370689655172413,52.45378847564565,0.0,144.0,144.0,true
daily_los_angeles_herald_188800305_4_clean_true.jpg,87.51190476190476,56.16560580415945,0.0,145.0,145.0,48.742063492063494,67.05916095850829,0.0,144.0,144.0,6.756245268735806,10.0025928121075,1.0,102.0,101.0,54.883620689655174,57.4186698689516,0.0,144.0,144.0,true
daily_los_angeles_herald_18880305_3_true.jpg,78.23412698412699,65.15317778453966,0.0,145.0,145.0,61.98412698412698,66.89594764446859,0.0,144.0,144.0,6.214439655172414,8.990755539692964,1.0,70.0,69.0,43.64655172413793,63.44452082038178,0.0,144.0,144.0,true
daily_los_angeles_herald_18880503_4_clean_true.jpg,22.47222222222222,53.11558351030529,0.0,145.0,145.0,22.285714285714285,52.75831909032127,0.0,144.0,144.0,3.272727272727273,2.631657241114565,1.0,9.0,8.0,121.65517241379311,76.10194051910192,0.0,144.0,144.0,true
daily_morning_astorian_18890307_4_clean_edge_true.jpg,73.13095238095238,72.08976936950626,0.0,145.0,145.0,76.69444444444444,69.88121535333555,0.0,144.0,144.0,6.6041581736649,9.462019634693151,1.0,74.0,73.0,4.293103448275862,23.445833407355902,0.0,144.0,144.0,true
daily_tribune_18550720_2_edge_true.jpg,22.19047619047619,38.28630021212056,0.0,145.0,145.0,7.222222222222222,26.095165681744085,0.0,144.0,144.0,5.856257744733581,4.659579398560117,1.0,34.0,33.0,117.00862068965517,71.01209802018566,0.0,144.0,144.0,true
edgefield_advertiser_18490704_4_clean_true.jpg,77.47222222222223,65.95250916840446,0.0,145.0,145.0,56.80555555555556,68.85805601603097,0.0,144.0,144.0,9.226011560693642,8.680608562607082,1.0,89.0,88.0,60.564655172413794,65.7282575468636,0.0,144.0,144.0,true
edgefield_advertiser_18490704_4_true.jpg,92.2936507936508,62.39462599616732,0.0,145.0,145.0,78.74603174603175,66.93794498314115,1.0,144.0,143.0,11.31734837799718,9.693584505076112,1.0,125.0,124.0,0.0,0.0,0.0,0.0,0.0,true
el_fronterizo_18820210_4_clean_true.jpg,107.30952380952381,67.17301392527831,0.0,145.0,145.0,94.02777777777777,74.81397122867698,0.0,144.0,144.0,7.770491803278689,5.263349681053237,1.0,80.0,79.0,41.43103448275862,62.12380787324046,0.0,144.0,144.0,true
el_fronterizo_18820224_4_true.jpg,43.73809523809524,68.56498103663844,0.0,145.0,145.0,43.44444444444444,68.08810041401813,0.0,144.0,144.0,4.0625,1.7488835724541527,2.0,8.0,6.0,103.65517241379311,78.9790639529938,0.0,144.0,144.0,true
el_fronterizo_18820303_4_clean_true.jpg,97.16269841269842,68.86159249351483,0.0,145.0,145.0,78.78968253968254,75.5396237835804,0.0,144.0,144.0,6.181316998468606,4.954576529543945,2.0,43.0,41.0,41.939655172413794,59.39882344204293,0.0,144.0,144.0,true
el_fronterizo_18820310_4_true.jpg,96.42460317460318,65.27751852259857,0.0,145.0,145.0,80.06746031746032,74.6913912198895,0.0,144.0,144.0,6.897592663354986,7.763620787472134,1.0,79.0,78.0,61.30603448275862,65.78377712687639,0.0,144.0,144.0,true
el_fronterizo_19040416_5_clean_true.jpg,96.67460317460318,69.10696097249323,0.0,145.0,145.0,88.94047619047619,71.78635648001911,0.0,144.0,144.0,8.654690618762475,11.17668494596365,1.0,222.0,221.0,2.9310344827586206,19.132784802938012,0.0,144.0,144.0,true
el_fronterizo_19040607_2_true.jpg,86.8452380952381,63.179336521762295,0.0,145.0,145.0,68.78968253968254,70.82631865645764,0.0,144.0,144.0,8.485887972210161,17.893777513766036,1.0,222.0,221.0,2.0732758620689653,15.632748083668892,0.0,144.0,144.0,true
el_fronterizo_19040820_1_clean_true.jpg,87.05952380952381,62.62964622807407,0.0,145.0,145.0,66.6547619047619,71.3339960619696,0.0,144.0,144.0,5.223672230652504,8.775018921699193,1.0,153.0,152.0,30.862068965517242,51.37559156781062,0.0,144.0,144.0,true
el_pelayo_18510917_4_true.jpg,114.86507936507937,54.16761629827167,0.0,145.0,145.0,90.10714285714286,72.26447254736853,3.0,144.0,141.0,9.700884955752212,15.675862148032254,2.0,189.0,187.0,0.0,0.0,0.0,0.0,0.0,true
el_pelayo_18510924_3_true.jpg,76.59126984126983,77.9060513513977,0.0,145.0,145.0,76.0,77.41539160362657,0.0,144.0,144.0,5.888888888888889,3.0892086165461907,1.0,15.0,14.0,75.10344827586206,77.57032349733288,0.0,144.0,144.0,true
el_pelayo_18511008_4_clean_true.jpg,98.4920634920635,52.40947224001848,0.0,145.0,145.0,72.35714285714286,63.29973662621739,0.0,144.0,144.0,8.72323600973236,16.01309288632738,1.0,160.0,159.0,11.025862068965518,35.74833464607993,0.0,144.0,144.0,true
el_pelayo_18511015_4_true.jpg,82.04761904761905,70.06285876849721,0.0,145.0,145.0,69.41666666666667,74.91660707662217,0.0,144.0,144.0,5.570344827586207,4.252490128723092,1.0,48.0,47.0,67.88362068965517,71.75084401370447,0.0,144.0,144.0,true
evening_star_18810423_8_clean_true.jpg,46.02777777777778,48.662786592444505,0.0,145.0,145.0,26.28174603174603,49.22983360844104,0.0,144.0,144.0,7.304446119065561,10.817907917037633,1.0,71.0,70.0,60.543103448275865,65.0028003662285,0.0,144.0,144.0,true
hawaiian_star_18961008_edge_true.jpg,91.78571428571429,65.10542893820067,0.0,145.0,145.0,73.98015873015873,70.40143398725209,0.0,144.0,144.0,10.718302094818082,15.69954690689632,2.0,92.0,90.0,35.05172413793103,53.96163715764032,0.0,144.0,144.0,true
highland_weekly_news_18640721_2_edge_true.jpg,60.26984126984127,65.63771377660613,0.0,145.0,145.0,66.16269841269842,63.0807754142683,0.0,144.0,144.0,4.398207056101793,3.761032311702006,1.0,41.0,40.0,29.185344827586206,55.702474722171985,0.0,144.0,144.0,true
highland_weekly_news_18780620_true.jpg,87.00396825396825,63.806498578741525,0.0,145.0,145.0,69.07539682539682,69.39238395202538,0.0,144.0,144.0,5.399882732336558,7.027286098698147,1.0,98.0,97.0,43.383620689655174,56.808317921254904,0.0,144.0,144.0,true
jasper_weekly_courier_18830720_2_true.jpg,60.99603174603175,47.57473519295099,0.0,145.0,145.0,39.32936507936508,53.84856872609971,8.0,144.0,136.0,12.38888888888889,9.735229394216905,1.0,46.0,45.0,0.0,0.0,0.0,0.0,0.0,true
kentucky_irish_american_18980716_3_true.jpg,94.34920634920636,57.59157953619349,0.0,145.0,145.0,85.21825396825396,63.95374150323157,0.0,144.0,144.0,7.739130434782608,12.994069534334628,1.0,116.0,115.0,0.0,0.0,0.0,0.0,0.0,true
kentucky_irish_american_18980813_3_clean_true.jpg,78.13095238095238,63.56750956097706,0.0,145.0,145.0,51.916666666666664,66.777690291256,0.0,144.0,144.0,7.349206349206349,6.551637808332895,1.0,38.0,37.0,58.33620689655172,66.65029875932993,0.0,144.0,144.0,true
le_meschacebe_18540528_2_clean_true.jpg,90.78174603174604,66.55820674012881,0.0,145.0,145.0,71.07539682539682,74.46830583629558,0.0,144.0,144.0,8.563948100092679,12.281089148669428,1.0,168.0,167.0,55.702586206896555,64.8757681122811,0.0,144.0,144.0,true
le_meschacebe_18540716_1_true.jpg,92.0515873015873,57.73736855797237,0.0,145.0,145.0,71.02777777777777,67.83490794163238,0.0,144.0,144.0,5.951969981238274,7.067454466036054,1.0,116.0,115.0,5.853448275862069,24.787808800884164,0.0,144.0,144.0,true
le_messager_18510222_1_clean_edge_true.jpg,94.22222222222223,69.93141008446874,0.0,145.0,145.0,92.41666666666667,67.6515787776686,0.0,144.0,144.0,10.73035439137134,9.467415967567987,1.0,85.0,84.0,1.2413793103448276,12.78652254620184,0.0,144.0,144.0,true
mountain_sentinel_18510327_true.jpg,85.06349206349206,68.87254448364654,0.0,145.0,145.0,76.87698412698413,71.56365052565161,0.0,144.0,144.0,5.324530516431925,3.632674377974541,1.0,34.0,33.0,33.93103448275862,56.324194180176484,0.0,144.0,144.0,true
nashville_union_american_18540319_4_edge_true.jpg,58.3531746031746,37.24633331085249,0.0,145.0,145.0,4.174603174603175,16.299734718879407,0.0,144.0,144.0,13.514598540145986,25.191995716824284,1.0,126.0,125.0,61.28448275862069,56.968361535762064,0.0,144.0,144.0,true
national_republican_18780620_4_edge_true.jpg,82.41666666666667,66.12588703758871,0.0,145.0,145.0,71.78174603174604,61.83385580298221,13.0,144.0,131.0,10.331353919239906,18.00351484080146,1.0,182.0,181.0,0.0,0.0,0.0,0.0,0.0,true
nebraska_advertiser_18690529_1_clean_true.jpg,163.4126984126984,28.389205377526704,0.0,145.0,145.0,162.28571428571428,28.193417754233465,0.0,144.0,144.0,0.0,0.0,2.147483647E9,-2.147483648E9,1.0,0.0,0.0,0.0,0.0,0.0,true
new_york_daily_tribune_18520505_edge_true.jpg,78.38095238095238,67.77033115055988,0.0,145.0,145.0,68.4047619047619,71.23932185454937,0.0,144.0,144.0,4.412472379081758,4.9912038120114754,1.0,86.0,85.0,26.504310344827587,51.47956867926245,0.0,144.0,144.0,true
newyork_daily_tribune_18580904_7_clean_edge_true.jpg,68.13492063492063,19.451673883962393,0.0,145.0,145.0,9.15079365079365,22.651851138578554,0.0,144.0,144.0,8.826687116564417,12.68165041005952,1.0,90.0,89.0,69.74137931034483,44.74542816465029,0.0,118.0,118.0,true
new_york_tribune_18781206_4_edge_true.jpg,101.59920634920636,53.552632253035085,0.0,145.0,145.0,44.611111111111114,65.9662411658036,0.0,144.0,144.0,4.714685967779594,6.214684887761717,1.0,139.0,138.0,49.90948275862069,50.59858605116261,0.0,144.0,144.0,true
new_york_tribune_18850504_4_true.jpg,66.47222222222223,60.721614092425185,0.0,145.0,145.0,55.30952380952381,60.29770785899139,0.0,144.0,144.0,5.717766497461929,8.626065588239927,1.0,75.0,74.0,22.995689655172413,47.84813497890548,0.0,144.0,144.0,true
new_york_tribune_18850505_6_clean_true.jpg,75.54761904761905,62.11805093027907,0.0,145.0,145.0,57.007936507936506,67.22753822745206,0.0,144.0,144.0,5.555740987983978,7.113651368980666,1.0,90.0,89.0,54.09051724137931,60.96879914527228,0.0,144.0,144.0,true
new_york_tribune_18850507_4_clean_true.jpg,67.29761904761905,67.37850858528392,0.0,145.0,145.0,71.57539682539682,66.5639957903619,0.0,144.0,144.0,4.75772934617334,4.510009964188126,1.0,66.0,65.0,31.413793103448278,53.58713991152958,0.0,144.0,144.0,true
new_york_tribune_18881012_7_clean_edge_true.jpg,99.96031746031746,60.21713177031743,0.0,145.0,145.0,72.19047619047619,70.97595143350888,0.0,144.0,144.0,8.736885584469228,12.969563647758555,1.0,107.0,106.0,18.349137931034484,41.05191294119199,0.0,144.0,144.0,true
omaha_daily_bee_18910315_12_true.jpg,91.88492063492063,62.564248048664524,0.0,145.0,145.0,70.06349206349206,72.52539591471476,0.0,144.0,144.0,6.154123036649215,16.138901411178285,1.0,199.0,198.0,13.275862068965518,40.11146481365874,0.0,144.0,144.0,true
omaha_daily_bee_18910321_9_true.jpg,75.09126984126983,70.8758152110987,0.0,145.0,145.0,62.083333333333336,72.41857770507079,0.0,144.0,144.0,6.444991055456172,7.571195588449713,1.0,55.0,54.0,61.081896551724135,70.4281502837227,0.0,144.0,144.0,true
red_lake_news_19150301_2_true.jpg,95.37301587301587,67.46449313473885,0.0,145.0,145.0,87.97619047619048,72.07973485122479,0.0,144.0,144.0,7.781908302354399,7.327327933724897,3.0,108.0,105.0,36.03879310344828,58.89609996418658,0.0,144.0,144.0,true
red_lake_news_19160301_2_true.jpg,111.37301587301587,58.28974863025639,0.0,145.0,145.0,98.22222222222223,67.46037441640922,0.0,144.0,144.0,12.670177748518762,28.70654409994268,1.0,212.0,211.0,0.0,0.0,0.0,0.0,0.0,true
rutland_herald_18360105_2_edge_true.jpg,79.11507936507937,69.88734446384228,0.0,145.0,145.0,72.88888888888889,74.16250211243361,0.0,144.0,144.0,7.252276176024279,7.023676529892631,1.0,51.0,50.0,49.39224137931034,63.17952948909935,0.0,144.0,144.0,true
rutland_herald_18370905_1_edge_true.jpg,115.48809523809524,47.60831299074171,0.0,145.0,145.0,91.15873015873017,65.97060907103175,10.0,144.0,134.0,8.923508771929825,9.288916710436784,1.0,118.0,117.0,0.0,0.0,0.0,0.0,0.0,true
rutland_herald_18400721_edge_true.jpg,64.21825396825396,58.992211793271366,0.0,145.0,145.0,56.404761904761905,66.47241378664245,0.0,144.0,144.0,4.412166558230319,5.214363357251304,1.0,33.0,32.0,63.01293103448276,65.39629534038039,0.0,144.0,144.0,true
san_francisco_call_18960903_true.jpg,77.67857142857143,78.04759284738476,0.0,145.0,145.0,77.14285714285714,77.50933358636829,0.0,144.0,144.0,2.909090909090909,1.6581047297338347,1.0,9.0,8.0,82.55172413793103,78.6413765887379,0.0,144.0,144.0,true
scranton_tribune_19000621_4_clean_edge_true.jpg,90.30555555555556,61.804377552533275,0.0,145.0,145.0,68.45238095238095,70.10436248288583,0.0,144.0,144.0,7.912720156555773,11.311693836644327,1.0,152.0,151.0,42.060344827586206,56.27297489058875,0.0,144.0,144.0,true
scranton_tribune_19010504_5_clean_true.jpg,79.26587301587301,74.70481638620653,0.0,145.0,145.0,78.90079365079364,71.86044092532164,0.0,144.0,144.0,6.151216305062459,5.848696042508678,1.0,58.0,57.0,24.82758620689655,53.48757493725623,0.0,144.0,144.0,true
scranton_tribune_19011009_4_true.jpg,157.08333333333334,40.3352764191535,0.0,145.0,145.0,156.0,40.05710209902145,0.0,144.0,144.0,52.0,1.0,51.0,53.0,2.0,2.4827586206896552,18.02325659128382,0.0,144.0,144.0,true
scranton_tribune_19011026_5_true.jpg,96.27380952380952,68.74081114786146,0.0,145.0,145.0,81.47619047619048,74.6089850344997,0.0,144.0,144.0,8.538903794557301,10.869170435249373,1.0,121.0,120.0,27.08189655172414,48.044104850055255,0.0,144.0,144.0,true
sn82015486_1868-11-19_ed-1_seq-1_2_2_true.jpg,63.60606060606061,72.44732386027499,0.0,137.0,137.0,62.995670995671,71.99345962518775,0.0,136.0,136.0,4.277777777777778,2.20619218351831,2.0,10.0,8.0,85.55868544600939,75.01507861424686,0.0,136.0,136.0,true
sn82015486_1868-11-19_ed-1_seq-1_2_5_true.jpg,151.75965665236052,27.77363503901132,0.0,136.0,136.0,150.64377682403435,27.56941713431283,0.0,135.0,135.0,0.0,0.0,2.147483647E9,-2.147483648E9,1.0,0.0,0.0,0.0,0.0,0.0,true
sn82015486_1868-11-19_ed-1_seq-1_3_0_true.jpg,106.91341991341992,55.07384128376503,0.0,137.0,137.0,102.13852813852814,57.765125667825025,0.0,136.0,136.0,8.546715328467153,8.717274996896496,1.0,77.0,76.0,0.0,0.0,0.0,0.0,0.0,true
sn82015486_1868-11-19_ed-1_seq-1_4_2_true.jpg,94.87878787878788,53.176992522701745,0.0,137.0,137.0,75.5108225108225,65.17176073235221,0.0,136.0,136.0,7.610521235521236,12.304233243598196,2.0,134.0,132.0,0.568075117370892,7.947077057054186,0.0,121.0,121.0,true
sn82015486_1868-11-19_ed-1_seq-1_5_0_true.jpg,98.48051948051948,55.52846057524517,0.0,137.0,137.0,87.37662337662337,60.66875360563122,0.0,136.0,136.0,13.42544731610338,28.358082156715973,1.0,162.0,161.0,5.230046948356808,24.959023044257766,0.0,136.0,136.0,true
sn83016922_1841-11-13_ed-1_seq-4_0_0_true.jpg,165.3709090909091,59.88108428649924,0.0,163.0,163.0,164.35636363636362,59.51371567124481,0.0,162.0,162.0,121.0,0.0,121.0,121.0,0.0,1.9209486166007905,16.844443559148043,0.0,162.0,162.0,true
sn83016922_1841-11-13_ed-1_seq-4_4_0_true.jpg,45.45454545454545,55.145981800947055,0.0,163.0,163.0,27.658181818181816,50.81405925530358,0.0,162.0,162.0,5.38917089678511,8.994592349249075,1.0,91.0,90.0,50.715415019762844,72.17455647778267,0.0,162.0,162.0,true
sn83016922_1841-11-13_ed-1_seq-4_6_0_true.jpg,93.54181818181819,77.89660137390324,0.0,163.0,163.0,89.10181818181819,81.00156023689564,0.0,162.0,162.0,6.76750700280112,5.509048882193399,1.0,61.0,60.0,34.28853754940712,64.26461129396114,0.0,162.0,162.0,true
sn83025001_1880-10-09_ed-1_seq-3_2_0_true.jpg,87.19060052219321,92.12170307628254,0.0,228.0,228.0,53.133159268929504,91.0110835251782,0.0,227.0,227.0,8.925776397515527,10.267890923872205,1.0,91.0,90.0,89.77337110481587,105.20545696872522,0.0,227.0,227.0,true
sn83025001_1886-06-26_ed-1_seq-3_0_2_true_true.jpg,162.34625322997417,118.37048355273744,0.0,226.0,226.0,161.62790697674419,117.846720351177,0.0,225.0,225.0,10.3,8.081460264086097,2.0,37.0,35.0,83.4985835694051,111.1868254981332,0.0,225.0,225.0,true
sn83025287_1878-11-17_ed-1_seq-2_0_0_true.jpg,128.50980392156862,79.08596170269068,0.0,181.0,181.0,110.74183006535948,89.55952001467159,0.0,180.0,180.0,10.915188076650107,13.903560286013088,1.0,99.0,98.0,4.767857142857143,27.218504797007057,0.0,180.0,180.0,true
sn83025287_1878-11-17_ed-1_seq-3_1_0_true_true.jpg,101.81967213114754,72.59074343316028,0.0,181.0,181.0,73.12459016393443,81.91371541487486,0.0,180.0,180.0,7.726747720364742,12.834761714486998,1.0,154.0,153.0,27.81138790035587,58.87483772560318,0.0,180.0,180.0,true
sn83025287_1878-11-17_ed-1_seq-3_1_2_true.jpg,41.57704918032787,78.14402600663189,0.0,183.0,183.0,41.17377049180328,77.73616755833294,0.0,182.0,182.0,2.619047619047619,2.6810834781446364,1.0,11.0,10.0,146.37722419928826,97.88289849136308,0.0,182.0,182.0,true
sn83025287_1878-11-17_ed-1_seq-3_3_0_true.jpg,99.80327868852459,81.8165230806781,0.0,181.0,181.0,91.31803278688524,86.1085743859977,0.0,180.0,180.0,8.362010221465077,11.87672623476463,1.0,127.0,126.0,47.40213523131673,75.25582606026772,0.0,180.0,180.0,true
sn83025287_1878-11-17_ed-1_seq-3_3_2_true.jpg,20.4,58.11261650210989,0.0,183.0,183.0,20.288524590163934,57.79506122067793,0.0,182.0,182.0,1.3333333333333333,0.47140452079103545,1.0,2.0,1.0,176.8185053380783,88.40022706394183,0.0,182.0,182.0,true
sn83025287_1883-08-14_ed-1_seq-3_1_0_true.jpg,93.27540983606558,73.22232386229808,0.0,181.0,181.0,84.02295081967213,83.94335551048768,0.0,180.0,180.0,6.325173986081113,10.316451865122998,1.0,148.0,147.0,44.8576512455516,66.61173306700711,0.0,180.0,180.0,true
sn83025287_1883-08-14_ed-1_seq-3_6_2_true.jpg,98.79016393442623,78.51946435225196,0.0,183.0,183.0,83.8655737704918,80.28932527978097,0.0,182.0,182.0,10.039783577339275,24.21468027102353,1.0,177.0,176.0,29.14946619217082,62.89837591303028,0.0,182.0,182.0,true
sn83025287_1883-08-22_ed-1_seq-7_0_1_true.jpg,174.48684210526315,70.84919358348067,0.0,178.0,178.0,173.5065789473684,70.45116440604535,0.0,177.0,177.0,14.176470588235293,7.382294351771201,8.0,37.0,29.0,24.65357142857143,59.96099884160069,0.0,177.0,177.0,true
sn83025287_1883-08-22_ed-1_seq-7_2_1_true.jpg,98.46381578947368,77.20548911078298,0.0,178.0,178.0,72.52631578947368,84.26775766866432,0.0,177.0,177.0,9.05986773407588,18.747351155277354,1.0,200.0,199.0,28.84285714285714,62.17761574369305,0.0,177.0,177.0,true
sn83025287_1883-09-15_ed-1_seq-5_10_2_true.jpg,44.675090252707584,75.25780734019772,0.0,165.0,165.0,51.9927797833935,74.25781879224894,0.0,164.0,164.0,4.603015075376884,4.829837222178133,1.0,96.0,95.0,75.89019607843137,86.28261180899669,0.0,164.0,164.0,true
sn83025287_1883-09-16_ed-1_seq-9_2_2_true.jpg,80.3021582733813,87.85792331572037,0.0,166.0,166.0,95.41007194244604,76.35463748315296,0.0,165.0,165.0,5.191168693812798,6.676533033389899,1.0,89.0,88.0,17.40234375,49.32361699590499,0.0,165.0,165.0,true
sn83025287_1883-09-16_ed-1_seq-9_3_2_true.jpg,84.79136690647482,88.9958558439282,0.0,166.0,166.0,84.28057553956835,88.45973623041037,0.0,165.0,165.0,5.173913043478261,3.7492280238800126,2.0,15.0,13.0,88.30078125,89.30590814730411,0.0,165.0,165.0,true
sn83030193_1887-10-10_ed-2_seq-4_8_2_true.jpg,89.21399176954732,68.19246267201183,0.0,143.0,143.0,83.53086419753086,70.02528343569057,0.0,142.0,142.0,6.451090781140042,9.610238602777326,3.0,71.0,68.0,28.161434977578477,54.1095434794833,0.0,142.0,142.0,true
sn83030193_1887-10-11_ed-2_seq-3_8_3_true.jpg,55.0,62.15140127541716,0.0,143.0,143.0,47.04979253112033,64.23771412364016,0.0,142.0,142.0,3.5999343616672137,5.967676854961962,1.0,65.0,64.0,66.84162895927602,71.28840490930871,0.0,142.0,142.0,true
sn83030214_1885-05-05_ed-1_seq-6_1_2_true.jpg,42.3433734939759,82.76623701957848,0.0,198.0,198.0,65.06927710843374,84.1886852095961,0.0,197.0,197.0,4.190832328106152,4.430948609479494,1.0,20.0,19.0,112.75657894736842,107.74193132414412,0.0,197.0,197.0,true
sn83030214_1885-05-05_ed-1_seq-6_7_1_true.jpg,81.70481927710843,102.30852806846949,0.0,198.0,198.0,86.80722891566265,100.57619275453902,0.0,197.0,197.0,3.7542134831460676,3.5146804266165366,1.0,18.0,17.0,104.98026315789474,106.62261609341148,0.0,197.0,197.0,true
sn83030214_1885-05-05_ed-1_seq-6_9_1_true.jpg,64.40963855421687,95.93906768294097,0.0,198.0,198.0,65.6867469879518,94.98248666597917,0.0,197.0,197.0,2.9525504151838673,2.225421750707663,1.0,13.0,12.0,130.25328947368422,108.83251436187643,0.0,197.0,197.0,true
sn83030214_1885-05-07_ed-1_seq-4_7_4_true.jpg,70.46607669616519,96.79155022665502,0.0,201.0,201.0,72.12094395280236,94.43692324523296,0.0,200.0,200.0,3.593396892655367,3.454930590044414,1.0,36.0,35.0,113.72990353697749,107.50268741575181,0.0,200.0,200.0,true
sn83045462_1881-04-23_ed-1_seq-8_10_3_true.jpg,5.818181818181818,32.98421330079562,0.0,192.0,192.0,5.787878787878788,32.81242052318707,0.0,191.0,191.0,1.8,0.7483314773547874,1.0,3.0,2.0,185.30794701986756,93.08895986118428,0.0,191.0,191.0,true
sn83045462_1881-04-23_ed-1_seq-8_4_3_true.jpg,72.17878787878787,62.3402251777245,0.0,192.0,192.0,37.56363636363636,66.4456121945976,0.0,191.0,191.0,11.375080282594734,20.540496103155697,1.0,135.0,134.0,31.771523178807946,68.03299181384018,0.0,191.0,191.0,true
sn83045462_1881-04-23_ed-1_seq-8_8_0_true.jpg,64.91158536585365,83.3919467342434,0.0,195.0,195.0,46.3140243902439,81.33107813089691,0.0,194.0,194.0,2.8842920718641833,2.618000507650777,1.0,24.0,23.0,125.71523178807946,100.87291499333777,0.0,194.0,194.0,true
sn83045462_1881-04-23_ed-1_seq-8_9_0_true.jpg,74.51219512195122,82.99700953087438,0.0,195.0,195.0,56.05792682926829,85.25387973235216,0.0,194.0,194.0,4.694946858101809,6.500805800105929,1.0,57.0,56.0,99.85761589403974,94.22513084807568,0.0,194.0,194.0,true
sn84020109_1869-05-20_ed-1_seq-1_1_4_true.jpg,135.48829431438128,87.9557530990631,0.0,179.0,179.0,126.79264214046823,86.300276980279,0.0,178.0,178.0,32.811918063314714,25.22922855372328,2.0,74.0,72.0,17.716363636363635,50.881756989833406,0.0,178.0,178.0,true
sn84020558_1891-05-30_ed-1_seq-3_2_0_true.jpg,67.91111111111111,69.43811411344916,0.0,136.0,136.0,86.45777777777778,63.16525640338051,0.0,135.0,135.0,6.5766543362104395,5.685913759099155,1.0,50.0,49.0,31.59903381642512,54.97404101385152,0.0,135.0,135.0,true
sn84023127_1836-11-25_ed-1_seq-1_2_0_true.jpg,80.88157894736842,67.32741666401834,0.0,145.0,145.0,52.03947368421053,66.67071775974524,0.0,144.0,144.0,4.770216400911162,4.800743957969608,1.0,80.0,79.0,43.155660377358494,59.1283630542022,0.0,144.0,144.0,true
sn84023127_1836-11-25_ed-1_seq-1_4_0_true.jpg,88.41666666666667,70.53590807160128,0.0,145.0,145.0,70.25438596491227,72.72797431444063,0.0,144.0,144.0,6.0626349892008635,4.603544409971966,1.0,50.0,49.0,28.87735849056604,51.94597846148387,0.0,144.0,144.0,true
sn84024738_1858-09-07_ed-1_seq-2_7_1_true.jpg,82.34265734265735,72.94338613956023,0.0,168.0,168.0,59.24825174825175,80.88218980556955,0.0,167.0,167.0,3.781772044829774,6.5408388772767845,1.0,133.0,132.0,88.8854961832061,79.3017380147223,0.0,167.0,167.0,true
sn84026355_1900-06-21_ed-1_seq-4_6_4_true.jpg,91.04054054054055,69.81346819919598,0.0,146.0,146.0,83.36936936936937,75.1360320309608,0.0,145.0,145.0,18.553590010405827,26.062350000106697,1.0,94.0,93.0,35.63942307692308,58.07995345783872,0.0,145.0,145.0,true
sn84026355_1901-10-09_ed-1_seq-4_2_3_true.jpg,92.54273504273505,59.34353982230197,0.0,139.0,139.0,74.1025641025641,69.42806640427982,0.0,138.0,138.0,6.84524810765349,12.336211223898673,1.0,99.0,98.0,33.74074074074074,50.72644230044138,0.0,138.0,138.0,true
sn84026355_1901-10-26_ed-1_seq-5_3_1_true.jpg,90.9535864978903,64.38299681005334,0.0,139.0,139.0,74.084388185654,71.48795878994827,0.0,138.0,138.0,5.980552314274601,6.182905997316352,1.0,97.0,96.0,41.244239631336406,56.47428635773868,0.0,138.0,138.0,true
sn84026844_1865-08-02_ed-1_seq-1_0_2_true.jpg,101.63679245283019,62.25276232493029,0.0,127.0,127.0,111.5377358490566,48.392298899216,9.0,126.0,117.0,24.512562814070353,16.808366933156332,1.0,69.0,68.0,0.0,0.0,0.0,0.0,0.0,true
sn84026844_1874-01-01_ed-1_seq-3_2_0_true.jpg,56.839080459770116,42.06206688377835,0.0,104.0,104.0,45.17816091954023,47.76060190356608,0.0,103.0,103.0,5.90989010989011,9.282300952723695,1.0,92.0,91.0,30.95625,41.2063556282654,0.0,103.0,103.0,true
sn84026844_1874-01-01_ed-1_seq-3_5_0_true.jpg,115.95402298850574,21.642827236483907,0.0,104.0,104.0,114.83908045977012,21.4347231284408,0.0,103.0,103.0,0.0,0.0,2.147483647E9,-2.147483648E9,1.0,0.0,0.0,0.0,0.0,0.0,true
sn84026844_1874-01-02_ed-1_seq-4_1_2_true.jpg,52.916666666666664,53.87892591178306,0.0,113.0,113.0,48.67261904761905,53.9686671501749,0.0,112.0,112.0,4.391549295774648,4.8936217895747065,1.0,35.0,34.0,40.28481012658228,53.92438978879793,0.0,112.0,112.0,true
sn84026844_1874-01-05_ed-1_seq-3_5_0_true.jpg,37.72222222222222,49.46614287840294,0.0,97.0,97.0,52.166666666666664,43.71859837210478,0.0,96.0,96.0,5.232575757575757,4.863718433651,1.0,37.0,36.0,14.08,33.347396144671215,0.0,96.0,96.0,true
sn84026844_1883-06-26_ed-1_seq-3_1_2_true.jpg,49.21686746987952,40.903058617136345,0.0,107.0,107.0,27.46385542168675,47.69077923259038,0.0,106.0,106.0,6.686108165429481,13.976464386668786,1.0,153.0,152.0,63.05844155844156,46.924986407658984,0.0,104.0,104.0,true
sn84026844_1883-06-27_ed-1_seq-2_4_1_true.jpg,49.94082840236686,43.70513628572393,0.0,100.0,100.0,38.59171597633136,44.50640013880555,0.0,99.0,99.0,3.0974987238386933,2.333192339911412,1.0,23.0,22.0,33.148387096774194,43.32965549424504,0.0,99.0,99.0,true
sn84026844_1883-06-27_ed-1_seq-2_5_1_true.jpg,0.591715976331361,7.672756488194998,0.0,100.0,100.0,0.5857988165680473,7.596028923313049,0.0,99.0,99.0,1.0,0.0,1.0,1.0,0.0,98.36129032258064,47.255168981284605,0.0,99.0,99.0,true
sn84026844_1883-07-03_ed-1_seq-3_3_2_true.jpg,62.15976331360947,52.411026584729825,0.0,106.0,106.0,63.72781065088758,51.45958899943668,0.0,105.0,105.0,4.3741041567128525,3.2980670507198004,1.0,32.0,31.0,27.64516129032258,45.59048300044548,0.0,105.0,105.0,true
sn84026844_1888-10-02_ed-1_seq-3_1_2_true.jpg,40.833333333333336,50.71981861166306,0.0,98.0,98.0,47.57738095238095,47.7129042098059,0.0,97.0,97.0,3.6835515082527035,2.8907300508448435,1.0,22.0,21.0,18.266233766233768,37.33351820189826,0.0,97.0,97.0,true
sn84026844_1888-10-09_ed-1_seq-4_6_3_true.jpg,44.68604651162791,37.055369678029436,0.0,104.0,104.0,30.6453488372093,42.093656927527604,0.0,103.0,103.0,8.591205211726384,9.828197858218903,1.0,92.0,91.0,29.88607594936709,41.54058646630041,0.0,103.0,103.0,true
sn84026897_1849-07-04_ed-1_seq-4_1_0_true.jpg,105.51851851851852,70.58630778946201,0.0,177.0,177.0,71.21885521885523,83.82437224704495,0.0,176.0,176.0,8.935137457044673,10.810163017533156,1.0,138.0,137.0,37.84981684981685,60.28900688884723,0.0,176.0,176.0,true
sn84028385_1855-07-11_ed-1_seq-1_4_0_true.jpg,71.90082644628099,77.62049705352581,0.0,145.0,145.0,80.24380165289256,72.89738777745634,0.0,144.0,144.0,4.40946992257296,5.131330003484806,1.0,181.0,180.0,5.785714285714286,27.343343179996577,0.0,144.0,144.0,true
sn84028385_1855-07-11_ed-1_seq-1_6_0_true.jpg,47.33471074380165,70.40075902086987,0.0,145.0,145.0,60.086776859504134,63.073757322986964,0.0,144.0,144.0,3.75,13.402349938386468,1.0,218.0,217.0,3.857142857142857,22.442471572331794,0.0,144.0,144.0,true
sn85025180_1837-06-03_ed-1_seq-3_5_1_true.jpg,68.53667953667954,73.23888312434605,0.0,155.0,155.0,50.166023166023166,73.33963401064113,0.0,154.0,154.0,4.54085733422639,2.878978676562578,1.0,25.0,24.0,92.9581589958159,80.55076584302779,0.0,154.0,154.0,true
sn85033386_1869-10-15_ed-1_seq-4_2_2_true.jpg,93.375,56.54789391870068,0.0,152.0,152.0,67.73828125,71.28186118011484,0.0,151.0,151.0,6.498664631819916,8.758562504250715,1.0,111.0,110.0,44.162393162393165,56.26743526003328,0.0,140.0,140.0,true
sn85033386_1869-10-15_ed-1_seq-4_3_3_true.jpg,39.511811023622045,56.24952936149046,0.0,153.0,153.0,31.374015748031496,54.31506096657619,0.0,152.0,152.0,3.448986846782794,3.4044746705800253,1.0,19.0,18.0,90.03418803418803,78.18730582884194,0.0,152.0,152.0,true
sn85038158_1878-06-20_ed-1_seq-4_7_0_true.jpg,76.95927601809954,52.56187901571826,0.0,133.0,133.0,66.55656108597285,54.24893890745898,0.0,132.0,132.0,7.922152560083594,12.777564109907136,1.0,109.0,108.0,1.5911330049261083,10.852288632277876,0.0,87.0,87.0,true
sn85042459_1881-07-28_ed-1_seq-4_8_1_true.jpg,44.84126984126984,57.915553537897836,0.0,113.0,113.0,44.44444444444444,57.40302651543851,0.0,112.0,112.0,3.0476190476190474,2.1925456063278848,1.0,9.0,8.0,71.04,61.77169722273933,0.0,112.0,112.0,true
sn85042459_1883-01-25_ed-1_seq-4_2_0_true.jpg,0.0,0.0,0.0,0.0,0.0,0.0,0.0,0.0,0.0,0.0,0.0,0.0,2.147483647E9,-2.147483648E9,1.0,113.0,54.17935306784841,113.0,113.0,0.0,true
sn85042459_1883-02-08_ed-1_seq-4_2_0_true.jpg,13.774011299435028,36.00065298737855,0.0,106.0,106.0,13.64406779661017,35.66102418561081,0.0,105.0,105.0,3.6666666666666665,1.5986105077709014,2.0,7.0,5.0,90.65217391304348,55.138202693800245,0.0,105.0,105.0,true
sn85042459_1883-03-15_ed-1_seq-4_3_1_true.jpg,63.06703910614525,50.2555497171365,0.0,104.0,104.0,61.49162011173184,50.44860218013251,0.0,103.0,103.0,7.703645007923931,7.247884178554417,1.0,31.0,30.0,25.9079754601227,43.63667588495074,0.0,103.0,103.0,true
sn85042459_1884-07-25_ed-1_seq-3_2_0_true.jpg,19.329545454545453,39.80587131759384,0.0,108.0,108.0,26.65909090909091,38.48789145370062,0.0,107.0,107.0,4.271570014144271,2.3498347943026205,1.0,35.0,34.0,0.0,0.0,0.0,0.0,0.0,true
sn85042459_1884-07-26_ed-1_seq-4_0_0_true.jpg,8.384180790960452,28.7742963813769,0.0,106.0,106.0,8.305084745762711,28.502840755137484,0.0,105.0,105.0,4.666666666666667,4.496912521077354,1.0,11.0,10.0,95.8695652173913,53.60280803992597,0.0,105.0,105.0,true
sn85042459_1884-08-09_ed-1_seq-3_2_0_true.jpg,12.840909090909092,36.20072340891406,0.0,113.0,113.0,21.482954545454547,38.042992993550435,0.0,112.0,112.0,2.693495038588754,3.3843780842778814,1.0,23.0,22.0,68.44444444444444,61.714595988507405,0.0,112.0,112.0,true
sn85066387_1896-09-03_ed-1_seq-6_8_3_true.jpg,105.12913907284768,77.29923670178368,0.0,179.0,179.0,70.91390728476821,85.61333413410875,0.0,178.0,178.0,7.299661399548532,11.288112761987103,1.0,93.0,92.0,58.39928057553957,71.53147424546816,0.0,178.0,178.0,true
sn86069180_1898-07-16_ed-1_seq-3_4_3_true.jpg,115.41106719367589,61.66071159039769,0.0,151.0,151.0,71.4703557312253,78.8987806707935,0.0,150.0,150.0,8.028786840301576,11.580832849193174,1.0,108.0,107.0,41.01716738197425,54.15848432807599,0.0,150.0,150.0,true
sn86069180_1898-07-16_ed-1_seq-3_5_3_true.jpg,141.87351778656125,37.91895738808151,0.0,151.0,151.0,86.52569169960475,80.52638373205355,0.0,150.0,150.0,14.886128364389235,21.86854842147043,1.0,115.0,114.0,26.69527896995708,32.430837828217804,0.0,114.0,114.0,true
sn86069180_1898-07-16_ed-1_seq-3_7_3_true.jpg,61.84584980237154,77.69743987069099,0.0,151.0,151.0,61.06719367588933,77.21084358483374,0.0,150.0,150.0,4.777777777777778,2.2743877211620798,3.0,11.0,8.0,94.63519313304721,82.50811192742819,0.0,150.0,150.0,true
sn86069180_1898-07-16_ed-1_seq-3_8_2_true.jpg,70.21739130434783,77.04457918452822,0.0,151.0,151.0,73.05533596837945,72.3420777348224,0.0,150.0,150.0,6.100061766522545,3.0045045442480727,1.0,17.0,16.0,48.59656652360515,68.48228035475776,0.0,150.0,150.0,true
sn86069180_1898-08-13_ed-1_seq-3_1_1_true.jpg,94.01652892561984,66.55903972314434,0.0,144.0,144.0,79.1694214876033,70.7617689266519,0.0,143.0,143.0,8.86763372620127,6.277553915234863,1.0,58.0,57.0,19.675675675675677,45.23208234666503,0.0,143.0,143.0,true
sn86069180_1898-08-13_ed-1_seq-3_6_1_true.jpg,95.48760330578513,66.92349350616098,0.0,144.0,144.0,78.97933884297521,74.00591665738943,0.0,143.0,143.0,7.693886097152429,5.587031478714359,1.0,54.0,53.0,44.0990990990991,62.57238020629513,0.0,143.0,143.0,true
sn86069395_1890-12-02_ed-1_seq-4_0_0_true.jpg,98.46153846153847,52.13416595199082,0.0,112.0,112.0,97.58241758241758,51.668682327419326,0.0,111.0,111.0,36.0,0.0,36.0,36.0,0.0,17.839285714285715,40.05026136928353,0.0,111.0,111.0,true
sn88064368_1851-09-17_ed-1_seq-4_0_0_true.jpg,115.7095709570957,81.73262885920195,0.0,180.0,180.0,109.98349834983499,86.36474179554445,0.0,179.0,179.0,12.391325776244456,16.454445790301573,1.0,86.0,85.0,20.455197132616487,55.39755555919685,0.0,179.0,179.0,true
sn88064368_1851-09-17_ed-1_seq-4_1_1_true.jpg,94.94719471947195,65.52680215650243,0.0,180.0,180.0,69.01980198019803,74.72859884517676,0.0,179.0,179.0,8.077089337175792,14.704357198962152,1.0,180.0,179.0,0.5842293906810035,9.351405294936825,0.0,163.0,163.0,true
sn88064368_1851-09-17_ed-1_seq-4_4_0_true.jpg,80.35973597359735,56.85370096808155,0.0,180.0,180.0,46.722772277227726,61.71395423503456,0.0,179.0,179.0,7.980901451489687,19.569986111560183,1.0,269.0,268.0,4.0,20.17383201947104,0.0,122.0,122.0,true
sn88064368_1851-09-24_ed-1_seq-3_2_3_true.jpg,123.78947368421052,79.28050660754315,0.0,182.0,182.0,101.33223684210526,87.70995903645374,0.0,181.0,181.0,10.598433606265575,14.053412745406826,1.0,120.0,119.0,25.735714285714284,58.38074546737576,0.0,181.0,181.0,true
sn88064368_1851-10-08_ed-1_seq-4_3_0_true.jpg,65.99673202614379,67.5930042906759,0.0,185.0,185.0,31.03921568627451,69.68255385251489,0.0,184.0,184.0,5.764705882352941,7.400101811629674,1.0,64.0,63.0,128.70921985815602,85.6614133085013,0.0,184.0,184.0,true
sn88064368_1851-10-08_ed-1_seq-4_5_0_true.jpg,107.61437908496733,100.34300337220502,0.0,185.0,185.0,107.0326797385621,99.80060875938183,0.0,184.0,184.0,4.0285714285714285,3.953195555754894,1.0,21.0,20.0,92.0,98.67302576222083,0.0,184.0,184.0,true
sn88064368_1851-10-15_ed-1_seq-4_4_2_true.jpg,97.11146496815287,76.49233722968751,0.0,186.0,186.0,71.26751592356688,82.8846223368302,0.0,185.0,185.0,6.793817003241087,11.674280594113597,1.0,210.0,209.0,40.708333333333336,65.57126781159843,0.0,185.0,185.0,true
sn88064458_1913-08-14_ed-1_seq-2_4_2_true.jpg,159.37270875763747,123.96376462600183,0.0,291.0,291.0,123.56415478615071,138.74253400350506,0.0,290.0,290.0,9.563089084828215,12.231042740137397,1.0,134.0,133.0,103.3259423503326,121.00974634700006,0.0,290.0,290.0,true
sn88064458_1913-08-21_ed-1_seq-3_7_3_true.jpg,134.2877192982456,85.40521476948386,0.0,169.0,169.0,133.25964912280702,85.09063109428836,0.0,168.0,168.0,9.875,3.0998991919093113,4.0,20.0,16.0,52.38022813688213,78.770687137786,0.0,168.0,168.0,true
sn88064458_1914-10-08_ed-1_seq-2_5_3_true.jpg,136.97087378640776,93.44035097522999,0.0,242.0,242.0,90.54368932038835,110.20146812997808,0.0,241.0,241.0,10.035173736943083,16.793459840030646,1.0,156.0,155.0,73.45238095238095,85.72058010997647,0.0,241.0,241.0,true
sn90059061_1915-03-01_ed-1_seq-2_2_0_true.jpg,109.63346613545816,134.12846408115,0.0,299.0,299.0,106.95418326693228,130.55258399124466,0.0,298.0,298.0,7.77676399026764,12.581814309896888,1.0,260.0,259.0,4.96969696969697,36.00656024185928,0.0,298.0,298.0,true
sn95070521_1904-04-16_ed-1_seq-5_5_0_true.jpg,92.0734693877551,70.4873858477615,0.0,146.0,146.0,79.77142857142857,73.02055929074832,0.0,145.0,145.0,5.995439739413681,6.965198182297595,1.0,67.0,66.0,17.88888888888889,45.14407383442854,0.0,145.0,145.0,true
sn95070521_1904-04-16_ed-1_seq-5_6_0_true.jpg,87.89387755102041,72.22694546120411,0.0,146.0,146.0,79.88571428571429,73.50326896769916,0.0,145.0,145.0,4.834877564526804,6.614380876753231,1.0,127.0,126.0,24.20888888888889,52.80217679075634,0.0,145.0,145.0,true
sn95070521_1904-08-20_ed-1_seq-1_1_2_true.jpg,106.52173913043478,79.47515138904737,0.0,178.0,178.0,92.4448160535117,88.48055335163255,0.0,177.0,177.0,8.571084337349397,9.222406320602271,1.0,96.0,95.0,55.040293040293044,75.54931630646527,0.0,177.0,177.0,true
sn95070521_1904-08-20_ed-1_seq-1_2_1_true.jpg,174.78929765886286,69.47948533753383,0.0,178.0,178.0,173.4581939799331,69.56278941995235,0.0,177.0,177.0,8.96,5.180579118206807,1.0,21.0,20.0,24.63736263736264,59.71131986444857,0.0,177.0,177.0,true
sn95070521_1904-08-20_ed-1_seq-1_4_1_true.jpg,7.167224080267559,35.03725399276431,0.0,178.0,178.0,7.103678929765886,34.84217644823537,0.0,177.0,177.0,1.6,0.48989794855663593,1.0,2.0,1.0,169.21978021978023,87.83203654379453,0.0,177.0,177.0,true
sn99021999_1891-03-21_ed-1_seq-9_1_0_true.jpg,95.2992125984252,68.87638982207194,0.0,152.0,152.0,72.42913385826772,78.98872350352549,0.0,151.0,151.0,5.6723973256924545,7.035677869573906,1.0,58.0,57.0,62.55603448275862,67.99664777702328,0.0,151.0,151.0,true
sn99021999_1891-03-21_ed-1_seq-9_2_5_true.jpg,82.88671875,66.43214323943657,0.0,146.0,146.0,71.6328125,71.91233591372307,0.0,145.0,145.0,5.357548579970104,6.150634560779417,1.0,34.0,33.0,49.73275862068966,65.54243536144219,0.0,145.0,145.0,true
sn99021999_1891-03-21_ed-1_seq-9_5_2_true.jpg,69.8740157480315,80.62466698380004,0.0,153.0,153.0,69.41732283464567,80.09770837606297,0.0,152.0,152.0,2.933333333333333,1.651934892448554,1.0,7.0,6.0,94.34482758620689,83.67097424131875,0.0,152.0,152.0,true
sn99021999_1891-03-21_ed-1_seq-9_7_5_true.jpg,91.1796875,68.74462303982742,0.0,146.0,146.0,70.0390625,72.07801759299613,0.0,145.0,145.0,7.324742268041237,7.5530908663013046,1.0,42.0,41.0,27.375,53.89997359294634,0.0,145.0,145.0,true
sn99066040_1861-10-05_ed-1_seq-1_1_3_true.jpg,154.34934497816593,25.51898872137236,0.0,137.0,137.0,153.22270742358077,25.332718730705402,0.0,136.0,136.0,0.0,0.0,2.147483647E9,-2.147483648E9,1.0,0.0,0.0,0.0,0.0,0.0,true
sn99066040_1861-10-05_ed-1_seq-4_0_5_true.jpg,63.72,70.89268850562482,0.0,134.0,134.0,74.85333333333334,65.3185986226334,0.0,133.0,133.0,6.52430737062206,7.183107314288567,1.0,28.0,27.0,50.75845410628019,66.43068085918262,0.0,133.0,133.0,true
sn99066040_1861-10-12_ed-1_seq-1_2_4_true.jpg,57.339366515837106,68.97140997266044,0.0,132.0,132.0,67.90045248868778,64.19592804696107,0.0,131.0,131.0,3.34547983310153,3.677126003549178,1.0,68.0,67.0,36.783251231527096,59.071505163043376,0.0,131.0,131.0,true
sn99066040_1861-10-19_ed-1_seq-1_0_4_true.jpg,102.46606334841628,65.22215457564026,0.0,136.0,136.0,97.38009049773756,68.68448082299581,0.0,135.0,135.0,16.23795761078998,23.789706175432865,1.0,77.0,76.0,37.78817733990148,59.27965813492583,0.0,135.0,135.0,true
sn99066040_1862-03-22_ed-1_seq-4_0_0_true.jpg,95.38990825688073,56.71518108622997,0.0,130.0,130.0,79.93577981651376,63.842065219801505,0.0,129.0,129.0,8.201470588235294,14.353488945068225,1.0,159.0,158.0,4.31,19.93723925658497,0.0,129.0,129.0,true
the_radical_18411113_4_true.jpg,76.4484126984127,62.84003634553719,0.0,145.0,145.0,67.97222222222223,64.5079924091278,0.0,144.0,144.0,7.15963511972634,6.38493312858669,1.0,66.0,65.0,13.370689655172415,38.36900720145272,0.0,144.0,144.0,true
sn99066040_1864-09-24_ed-1_seq-4_0_4_true.jpg,92.70222222222222,66.31411825703871,0.0,134.0,134.0,91.70666666666666,66.35588383040034,0.0,133.0,133.0,9.203871748336358,9.618503266842483,1.0,35.0,34.0,39.92270531400966,59.773196641396375,0.0,133.0,133.0,true
sn99066040_1864-09-24_ed-1_seq-4_1_4_true.jpg,52.23111111111111,60.77648774887493,0.0,134.0,134.0,55.50666666666667,61.905588382533445,0.0,133.0,133.0,5.632329635499207,9.754327779025017,1.0,106.0,105.0,54.40096618357488,62.97749071928937,0.0,133.0,133.0,true
star_of_the_north_18640817_3_edge_true.jpg,77.84920634920636,62.092680066393,0.0,145.0,145.0,42.035714285714285,63.23917576273408,0.0,144.0,144.0,6.37844702467344,5.718806336918746,1.0,42.0,41.0,53.314655172413794,61.631951867034715,0.0,144.0,144.0,true
state_journal_18730704_3_edge_true.jpg,136.94444444444446,61.50020432710074,0.0,145.0,145.0,136.0,61.07606498691377,0.0,144.0,144.0,16.90909090909091,17.015792373046946,3.0,68.0,65.0,27.310344827586206,55.6745621542897,0.0,144.0,144.0,true
the_daily_critic_18900909_2_clean_true.jpg,81.61507936507937,68.36156284407488,0.0,145.0,145.0,84.06746031746032,66.7809739385831,0.0,144.0,144.0,8.0425901781834,12.542008094460869,1.0,155.0,154.0,5.995689655172414,26.38272193274949,0.0,144.0,144.0,true
the_daily_critic_18901027_1_clean_true.jpg,105.28571428571429,61.331921805281354,0.0,145.0,145.0,89.00396825396825,71.47439393776017,0.0,144.0,144.0,7.912941176470588,12.546082474905413,1.0,178.0,177.0,26.50862068965517,47.55028971617497,0.0,144.0,144.0,true
the_daily_critic_18901027_2_clean_true.jpg,101.62301587301587,59.58386550852979,0.0,145.0,145.0,71.08333333333333,68.3906699057607,0.0,144.0,144.0,13.830165542611894,20.103868173708864,1.0,223.0,222.0,4.943965517241379,22.877092936929955,0.0,144.0,144.0,true
the_daily_critic_18901028_2_clean_true.jpg,94.78968253968254,62.433357300152366,0.0,145.0,145.0,77.66666666666667,72.40856302952015,0.0,144.0,144.0,6.87535953978907,13.235789611068943,1.0,179.0,178.0,16.521551724137932,39.47873376886859,0.0,144.0,144.0,true
the_daily_critic_18901106_1_clean_true.jpg,99.11111111111111,67.40093651713035,0.0,145.0,145.0,87.17857142857143,71.11048534279864,0.0,144.0,144.0,6.381371932032725,6.512122046529249,2.0,58.0,56.0,13.202586206896552,39.79554604730039,0.0,144.0,144.0,true
the_daily_critic_18901110_3_clean_true.jpg,111.73412698412699,47.66482394425653,0.0,145.0,145.0,62.40079365079365,71.41582473188869,0.0,144.0,144.0,13.939032055311126,22.708259393770383,1.0,161.0,160.0,30.79310344827586,41.67086270701344,0.0,144.0,144.0,true
the_daily_critic_18901112_2_clean_true.jpg,87.49603174603175,62.03675934727786,0.0,145.0,145.0,75.5,68.43772513915276,0.0,144.0,144.0,7.28110599078341,14.761574521050594,1.0,185.0,184.0,10.189655172413794,33.2187365394705,0.0,144.0,144.0,true
the_daily_critic_18901208_2_clean_true.jpg,90.42063492063492,67.44696613244216,0.0,145.0,145.0,87.64682539682539,68.20127609991192,0.0,144.0,144.0,8.204022988505747,12.47182814287965,1.0,127.0,126.0,17.530172413793103,43.99616585500292,0.0,144.0,144.0,true
the_evening_world_18871010_4_clean_true.jpg,93.51984126984127,67.44596562688898,0.0,145.0,145.0,86.59920634920636,72.02682842570223,0.0,144.0,144.0,6.486503067484662,9.53589290080573,3.0,66.0,63.0,26.185344827586206,52.68145806690313,0.0,144.0,144.0,true
the_evening_world_18871011_3_clean_true.jpg,87.9047619047619,65.12176056729828,0.0,145.0,145.0,80.80555555555556,68.14407104062269,0.0,144.0,144.0,10.35275519421861,26.424574344069306,1.0,213.0,212.0,9.39655172413793,33.28961702150086,0.0,144.0,144.0,true
the_evening_world_18900327_2_clean_true.jpg,42.94047619047619,49.8507275336409,0.0,145.0,145.0,35.535714285714285,52.110421915759076,0.0,144.0,144.0,8.530966767371602,12.008862863855455,1.0,157.0,156.0,14.051724137931034,38.30727025883702,0.0,144.0,144.0,true
the_sun_19150512_6_true.jpg,93.35714285714286,71.42544891134106,0.0,145.0,145.0,84.48015873015873,75.86551385956389,0.0,144.0,144.0,8.355953372189841,8.644198813860498,3.0,88.0,85.0,52.2801724137931,65.86743868654216,0.0,144.0,144.0,true
the_voice_of_the_people_19130717_1_true.jpg,114.30952380952381,68.21388740371182,0.0,145.0,145.0,119.52380952380952,63.432651908542326,0.0,144.0,144.0,12.71326164874552,9.579575541173606,1.0,100.0,99.0,11.706896551724139,37.094310781342664,0.0,144.0,144.0,true
the_voice_of_the_people_19130814_2_true.jpg,111.71428571428571,54.3702170801716,0.0,145.0,145.0,93.0079365079365,70.08552398058923,0.0,144.0,144.0,10.323185011709603,22.446026883989447,1.0,218.0,217.0,22.560344827586206,38.50311408050216,0.0,118.0,118.0,true
the_voice_of_the_people_19130821_3_true.jpg,116.57142857142857,61.35144792072587,0.0,145.0,145.0,98.23809523809524,71.13551105421682,0.0,144.0,144.0,15.781540504648074,11.662277494209508,1.0,55.0,54.0,28.219827586206897,56.10816772223251,0.0,144.0,144.0,true
the_voice_of_the_people_19141008_2_true.jpg,103.9484126984127,51.91370049830498,0.0,145.0,145.0,70.36111111111111,70.18125154756832,0.0,144.0,144.0,6.438521677327648,10.236556428259812,1.0,90.0,89.0,37.23706896551724,44.592490038535175,0.0,142.0,142.0,true
the_voice_of_the_people_19141008_3_true.jpg,114.14682539682539,65.14091825975778,0.0,145.0,145.0,102.0515873015873,70.0589684251582,0.0,144.0,144.0,10.72032014228546,5.942554457207567,1.0,28.0,27.0,21.103448275862068,49.86654518673018,0.0,144.0,144.0,true
the_weekly_sun_18611005_1_clean_true.jpg,93.90079365079364,52.303807472344666,0.0,145.0,145.0,71.88888888888889,60.59491221417338,0.0,144.0,144.0,14.5,24.265168186039308,1.0,156.0,155.0,15.482758620689655,33.78268650253799,0.0,144.0,144.0,true
the_weekly_sun_18611005_4_clean_true.jpg,77.85714285714286,57.54960959014379,0.0,145.0,145.0,57.47222222222222,65.37598320403427,0.0,144.0,144.0,6.586922474549726,12.143220040681209,1.0,177.0,176.0,44.46120689655172,58.08820572271066,0.0,144.0,144.0,true
the_weekly_sun_18611012_1_clean_true.jpg,149.6031746031746,50.086444008810915,0.0,145.0,145.0,148.57142857142858,49.74102025702638,0.0,144.0,144.0,5.0,0.0,5.0,5.0,0.0,1.8620689655172413,15.634434301458427,0.0,144.0,144.0,true
the_weekly_sun_18611019_1_clean_true.jpg,149.6031746031746,50.08644400881093,0.0,145.0,145.0,148.57142857142858,49.74102025702638,0.0,144.0,144.0,0.0,0.0,2.147483647E9,-2.147483648E9,1.0,3.7241379310344827,22.000633127075663,0.0,144.0,144.0,true
the_weekly_sun_18620208_4_clean_true.jpg,91.7936507936508,58.87880832485397,0.0,145.0,145.0,83.13888888888889,58.44563453130773,7.0,144.0,137.0,12.433930571108622,21.3122509417871,1.0,161.0,160.0,0.0,0.0,0.0,0.0,0.0,true
the_weekly_sun_18620222_3_clean_edge_true.jpg,90.55952380952381,61.56488034111337,0.0,145.0,145.0,67.15873015873017,71.2438321504363,0.0,144.0,144.0,6.257300454250487,12.408797207264415,1.0,128.0,127.0,45.43103448275862,55.82376302574876,0.0,144.0,144.0,true
the_weekly_sun_18620322_4_clean_true.jpg,100.03571428571429,64.48704395984004,0.0,145.0,145.0,92.56746031746032,65.50803606104945,2.0,144.0,142.0,11.285330467490596,18.88819289970681,1.0,169.0,168.0,0.0,0.0,0.0,0.0,0.0,true
the_weekly_sun_18620524_4_clean_true.jpg,97.58333333333333,66.36728910760225,0.0,145.0,145.0,96.59920634920636,62.589338050144924,12.0,144.0,132.0,6.929901423877327,12.458159856686041,1.0,197.0,196.0,0.0,0.0,0.0,0.0,0.0,true
the_weekly_sun_18630919_2_clean_edge_true.jpg,77.47222222222223,70.68853079703527,0.0,145.0,145.0,66.93650793650794,69.76339956452273,0.0,144.0,144.0,5.022381635581062,2.9522383713010765,1.0,21.0,20.0,36.75431034482759,59.612779540641064,0.0,144.0,144.0,true
the_weekly_sun_18640813_2_clean_true.jpg,96.91666666666667,65.34904755138382,0.0,145.0,145.0,90.67460317460318,68.92257932981768,0.0,144.0,144.0,7.291457286432161,11.086267965700014,1.0,117.0,116.0,20.198275862068964,45.10504577003878,0.0,144.0,144.0,true
the_weekly_sun_18640924_4_true.jpg,52.97222222222222,65.54771778542937,0.0,145.0,145.0,47.607142857142854,65.79760781642027,0.0,144.0,144.0,5.686988847583643,8.957695796424897,1.0,89.0,88.0,72.42672413793103,71.92660652475459,0.0,144.0,144.0,true
the_weekly_sun_18641029_1_clean_edge_true.jpg,94.05555555555556,70.60816686130019,0.0,145.0,145.0,81.03571428571429,74.39744753163617,0.0,144.0,144.0,6.220710059171598,5.789128515007399,1.0,36.0,35.0,37.37068965517241,58.079650891898034,0.0,144.0,144.0,true
the_weekly_sun_18650520_2_clean_true.jpg,77.77380952380952,69.40991830415392,0.0,145.0,145.0,63.63095238095238,72.41045401056522,0.0,144.0,144.0,3.844687946641258,4.354763797560266,1.0,40.0,39.0,50.810344827586206,67.17775399144102,0.0,144.0,144.0,true
western_reserve_chronicle_18550711_1_true.jpg,88.53174603174604,65.2889811805947,0.0,145.0,145.0,95.07936507936508,58.04635177818248,0.0,144.0,144.0,6.895092460881934,11.707252561758112,1.0,78.0,77.0,0.8491379310344828,9.530672664062836,0.0,141.0,141.0,true
wheeling_daily_intelligencer_18650725_2_clean_edge_true.jpg,77.98809523809524,60.802898852836925,0.0,145.0,145.0,71.13888888888889,60.88236228200284,0.0,144.0,144.0,5.8543492919757245,7.57028382556687,1.0,74.0,73.0,11.754310344827585,36.115784327009756,0.0,144.0,144.0,true
wheeling_daily_intelligencer_18650725_2_edge_true.jpg,36.76587301587302,41.896293239560045,0.0,145.0,145.0,30.956349206349206,39.528830139007546,0.0,144.0,144.0,6.5442011354420115,9.084439475411546,1.0,70.0,69.0,28.74137931034483,53.28473337376151,0.0,144.0,144.0,true
wheeling_daily_intelligencer_18650728_3_edge_true.jpg,82.4047619047619,61.45531111311992,0.0,145.0,145.0,76.60317460317461,65.27590972521624,0.0,144.0,144.0,7.581857607517167,12.995415071658078,1.0,101.0,100.0,22.603448275862068,44.81021736269213,0.0,144.0,144.0,true
wheeling_daily_intelligencer_18650802_1_clean_true.jpg,74.22222222222223,66.60268755401678,0.0,145.0,145.0,72.16666666666667,69.55259514973885,0.0,144.0,144.0,6.086229946524064,5.389747914155252,1.0,28.0,27.0,29.724137931034484,52.95144938096078,0.0,144.0,144.0,true
wheeling_daily_intelligencer_18740101_3_clean_true.jpg,87.46031746031746,49.77415900065014,0.0,145.0,145.0,57.448412698412696,60.13430252563035,0.0,144.0,144.0,6.956978489244622,10.554138761525545,1.0,126.0,125.0,3.4008620689655173,20.2752300346164,0.0,144.0,144.0,true
wheeling_daily_intelligencer_18740115_3_clean_true.jpg,80.7579365079365,72.26314976868129,0.0,145.0,145.0,83.48412698412699,71.40713019083236,0.0,144.0,144.0,7.222887060583395,5.056197250179313,1.0,65.0,64.0,34.168103448275865,59.7970829432537,0.0,144.0,144.0,true
wheeling_daily_intelligencer_18830627_2_true.jpg,79.2420634920635,64.97646706724495,0.0,145.0,145.0,65.66666666666667,66.43077313299628,0.0,144.0,144.0,8.506902502157033,14.345896311012886,1.0,115.0,114.0,30.237068965517242,55.12221847087147,0.0,144.0,144.0,true
wheeling_daily_intelligencer_18830627_3_true.jpg,102.92857142857143,60.63222412116225,0.0,145.0,145.0,86.96825396825396,71.49861040857664,0.0,144.0,144.0,8.367286973555338,11.706091710686275,1.0,219.0,218.0,0.0,0.0,0.0,0.0,0.0,true
wheeling_daily_intelligencer_18830628_2_edge_true.jpg,79.55555555555556,68.7312263929684,0.0,145.0,145.0,57.76587301587302,69.72057169425634,0.0,144.0,144.0,6.755003706449221,6.481056888168836,1.0,43.0,42.0,44.26293103448276,61.66912983425729,0.0,144.0,144.0,true
wheeling_daily_intelligencer_18830628_4_clean_edge_true.jpg,55.71031746031746,64.23632193821074,0.0,145.0,145.0,51.19444444444444,64.98305131087602,0.0,144.0,144.0,4.447916666666667,8.930341962348718,1.0,87.0,86.0,62.01293103448276,71.67731824704423,0.0,144.0,144.0,true
wheeling_daily_intelligencer_18880703_3_clean_true.jpg,93.04761904761905,70.04013496092789,0.0,145.0,145.0,88.74603174603175,71.56284393986203,0.0,144.0,144.0,6.570878768441308,7.832512210520849,1.0,127.0,126.0,22.512931034482758,50.01446444659335,0.0,144.0,144.0,true
wheeling_daily_intelligencer_18881001_2_clean_edge_true.jpg,94.37301587301587,64.92653103752484,0.0,145.0,145.0,90.01587301587301,65.62709717650046,0.0,144.0,144.0,10.407776197249882,19.26338262437142,1.0,121.0,120.0,24.84051724137931,52.36964056602937,0.0,144.0,144.0,true
wheeling_daily_intelligencer_18881002_3_true.jpg,93.80952380952381,63.36775444346273,0.0,145.0,145.0,70.16269841269842,73.00856881414252,0.0,144.0,144.0,7.174550788412175,8.808497452184014,1.0,89.0,88.0,45.741379310344826,58.569854322368094,0.0,144.0,144.0,true
wheeling_daily_intelligencer_18881009_4_clean_true.jpg,102.83730158730158,59.98752221062022,0.0,145.0,145.0,86.73809523809524,71.10322845138539,0.0,144.0,144.0,7.092979835698283,11.279228862911694,1.0,131.0,130.0,14.224137931034482,37.54608841994857,0.0,144.0,144.0,true
wheeling_daily_intelligencer_18881012_1_clean_edge_true.jpg,60.67063492063492,55.59701218842896,0.0,145.0,145.0,30.543650793650794,57.70984639853221,0.0,144.0,144.0,4.651652742462768,8.132862732292404,1.0,79.0,78.0,81.51724137931035,66.39490224119434,0.0,144.0,144.0,true
white_cloud_kansas_chief_18681119_true.jpg,102.48412698412699,58.358593262889364,0.0,145.0,145.0,83.30952380952381,69.913070184137,0.0,144.0,144.0,8.723439437784208,16.374391688745867,1.0,143.0,142.0,2.3189655172413794,16.882594377150223,0.0,144.0,144.0,true
