Name,Jagged Mean,Jagged Std Dev,Jmax,Jmin,Jrange,Stanza Mean,Stanza Std Dev,Smax,Smin,Srange,Margin Mean,Margin Std Dev,Mmax,Mmin,Mrange,Length Mean,Length Std Dev,Lmax,Lmin,Lrange
arizona_republican_18910530_3_clean_false.jpg,73.6150793651,70.0912143651,3414,3066,0,15.7912578055,13.7671198856,49,1,48,84,67.321663298,144,0,144,37.3836206897,59.1939515601,144,0,144
boons_lick_times_18410612_3_false.jpg,48.8174603175,53.1403055532,2242,1448,0,10.9517453799,10.2497925072,88,2,86,13.5873015873,41.9128541712,144,0,144,94.2801724138,65.6383441391,144,0,144
burlington_free_press_18360108_1_clean_false.jpg,20.2380952381,29.5280746316,612,288,0,12.3975903614,16.5518096845,199,5,194,2.2857142857,18.0184550678,144,0,144,128.125,65.1659131,137,7,130
burlington_free_press_18361125_1_true.jpg,48.5674603175,53.4423954988,2966,2314,0,10.4543396226,9.6836952072,88,4,84,39.9603174603,43.8656577423,144,10,134,0,0,0,0,0
charleston_daily_news_18690128_false.jpg,57.75,62.2401742102,1354,1212,0,30.1247058824,18.2711853241,153,7,146,93.6746031746,44.8339459835,144,0,144,4.0474137931,22.4276478431,144,0,144
cheyenne_transporter_18800825_6_clean_false.jpg,22.6785714286,39.3476768621,1134,750,0,13.573816156,9.1951594799,36,5,31,10.3293650794,30.9502103286,144,0,144,112.6163793103,73.833790054,144,0,144
cheyenne_transporter_18800825_6_true.jpg,52.1825396825,51.7334526605,2452,2028,0,12.6426886792,7.6876474269,48,4,44,32.5873015873,54.873109016,144,0,144,93.0948275862,69.9533898534,144,0,144
cheyenne_transporter_18801009_3_clean_false.jpg,13.5674603175,34.337065703,860,796,0,8.0720221607,3.6684351823,17,1,16,7.9484126984,29.6475801955,144,0,144,122.7801724138,74.4143310069,144,0,144
cheyenne_transporter_18801009_3_clean_true.jpg,44.7658730159,54.7004319516,2072,1716,0,11.2849519744,7.4981974229,53,5,48,32.3015873016,49.2905707073,144,0,144,14.525862069,41.6566598595,144,0,144
cheyenne_transporter_18860304_7_clean_false.jpg,2.3015873016,18.143583228,290,288,0,0,0,-2147483648,2147483647,1,2.2857142857,18.0184550678,144,0,144,144,67.8822509939,144,144,0
cheyenne_transporter_18860304_7_clean_true.jpg,43.2341269841,41.5359863579,1430,1016,0,17.6657681941,23.06492391,138,1,137,30.9603174603,46.3396316563,144,4,140,0,0,0,0,0
cheyenne_transporter_18860626_3_clean_false.jpg,46.496031746,61.6445491509,1368,626,0,13.4927007299,4.9080915618,22,5,17,23.1071428571,52.527088589,144,0,144,106.3017241379,73.0545579549,144,0,144
cheyenne_transporter_18860626_3_clean_true.jpg,61.619047619,54.5544755279,2332,2244,0,13.3419689119,8.1011193661,54,5,49,36.5515873016,54.8221148098,144,0,144,39.6594827586,58.1957927899,144,0,144
cleveland_morning_leader_18621125_1_clean_true.jpg,36.4246031746,23.2169400773,890,640,0,15.218579235,21.982389478,115,5,110,7.5079365079,21.3903880013,144,0,144,49.1206896552,59.5134965756,136,0,136
columbia_herald_18691015_4_clean_true.jpg,2.3015873016,18.143583228,290,288,0,0,0,-2147483648,2147483647,1,2.2857142857,18.0184550678,144,0,144,144,67.8822509939,144,144,0
daily_dispatch_18580907_2_clean_true.jpg,22.5714285714,21.1864935492,676,288,0,25.2243589744,41.7970637108,163,5,158,2.2857142857,18.0184550678,144,0,144,126.7672413793,60.9674550934,144,91,53
daily_empire_18660926_2_false.jpg,15.9523809524,37.2305479764,1046,894,0,7.8905660377,5.0655426482,21,5,16,8.2857142857,29.9094492405,144,0,144,117.7887931034,72.5031974824,144,0,144
daily_globe_18781117_2_clean_true.jpg,21.2896825397,51.9471218534,1740,1728,0,6.25,1.0897247359,8,5,3,21.1428571429,51.5888658406,144,0,144,128.4827586207,74.1880870552,144,0,144
daily_globe_18781117_2_false.jpg,2.3015873016,18.143583228,290,288,0,0,0,-2147483648,2147483647,1,2.2857142857,18.0184550678,144,0,144,144,67.8822509939,144,144,0
daily_globe_18781117_3_clean_false.jpg,14.7896825397,40.7721262708,1016,288,0,8.8861111111,1.2160164422,11,7,4,2.2857142857,18.0184550678,144,0,144,129.75,71.8843040907,144,5,139
daily_globe_18830814_3_false.jpg,20.7142857143,51.3399179198,2030,2016,0,5.3333333333,0.4714045208,6,5,1,20.5714285714,50.9858495204,144,0,144,124.1379310345,75.4615490707,144,0,144
daily_globe_18830822_7_clean_false.jpg,51.2777777778,54.0001959628,2120,866,0,9.5798045603,5.644786047,91,5,86,15.8333333333,43.3218849346,144,0,144,93.1206896552,69.6013176027,138,0,138
daily_globe_18830822_7_true.jpg,63.7023809524,49.0559463078,2024,2026,0,12.547979798,14.2826878663,143,5,138,39.1111111111,54.9692314128,144,4,140,0,0,0,0,0
daily_globe_18830915_5_false.jpg,64.8253968254,65.2355400297,2674,3160,0,9.8972667295,8.1625684169,51,3,48,47.123015873,69.2302351889,144,0,144,98.349137931,71.9313959978,144,0,144
daily_globe_18830916_9_clean_true.jpg,58.0555555556,55.4897149534,1496,1450,0,17.8541266795,12.4837640145,117,5,112,24.8095238095,54.9045096784,144,0,144,96.3663793103,66.7458067524,144,0,144
daily_globe_18830916_9_false.jpg,27.0436507937,57.3973011636,870,864,0,6,0,6,6,0,26.8571428571,57.0014577073,144,0,144,123.5172413793,75.6274922307,144,0,144
daily_los_angeles_herald_18790109_3_clean_false.jpg,82.376984127,75.9008338256,2864,2842,0,15.8255208333,1.7608615531,19,12,7,86.0238095238,74.4809900675,144,0,144,51.4353448276,69.467713559,144,0,144
daily_los_angeles_herald_18810727_4_clean_false.jpg,118.2380952381,67.1895155584,2078,1694,0,40.125,22.1488975056,93,6,87,121.6071428571,62.9393385869,144,0,144,7.4956896552,30.1172560382,144,0,144
daily_los_angeles_herald_18810728_4_false.jpg,142.6984126984,56.8982386986,2030,2016,0,50.25,14.0779082253,67,28,39,141.7142857143,56.5058370524,144,0,144,17.3793103448,45.7498757332,144,0,144
daily_los_angeles_herald_18830125_4_clean_false.jpg,32.0476190476,46.4959984833,1248,718,0,13.6094339623,14.9923346974,62,5,57,9.5992063492,31.9961388601,144,0,144,108.6594827586,71.4028799263,144,0,144
daily_los_angeles_herald_18830208_4_clean_false.jpg,92.3134920635,70.9235096452,2526,2412,0,25.7430555556,32.997042487,154,1,153,94.5277777778,68.1185018259,144,0,144,17.9784482759,46.4211855531,144,0,144
daily_los_angeles_herald_18830208_4_clean_true.jpg,50.3174603175,50.0923388796,1792,1406,0,15.402739726,13.2982434992,116,5,111,44.8055555556,49.5278033722,144,0,144,13.3405172414,40.0590033849,144,0,144
daily_los_angeles_herald_18840725_3_clean_false.jpg,2.3015873016,18.143583228,290,288,0,0,0,-2147483648,2147483647,1,2.2857142857,18.0184550678,144,0,144,144,67.8822509939,144,144,0
daily_los_angeles_herald_18840725_3_true.jpg,63.5277777778,53.9333375027,2320,2320,0,14.0406779661,14.3779702642,118,5,113,41.0952380952,64.0389633278,144,0,144,74.7629310345,65.0574754801,144,0,144
daily_los_angeles_herald_18840726_4_false.jpg,32.1150793651,59.4283376073,2482,3672,0,6.4610814023,3.1413710416,56,1,55,57.0595238095,58.6296054612,144,0,144,65.1206896552,74.7440090787,144,0,144
daily_los_angeles_herald_18840809_3_clean_false.jpg,52.9126984127,67.5009468154,2228,1824,0,10.5387559809,5.5523330484,26,2,24,43.1468253968,65.1397434022,144,0,144,87.1422413793,77.0922308651,144,0,144
daily_los_angeles_herald_18840810_4_clean_false.jpg,82.130952381,72.0140649505,2810,3236,0,19.1730994152,21.95600016,84,5,79,73.3015873016,71.1213889813,144,0,144,28.3362068966,50.5138064835,144,0,144
daily_los_angeles_herald_188800305_4_clean_true.jpg,57.4722222222,53.0105123347,2250,2094,0,12.7232845894,13.674009898,101,5,96,31.9603174603,58.2908086935,144,0,144,82.4913793103,66.2533716347,144,0,144
daily_los_angeles_herald_188800305_4_false.jpg,92.7222222222,66.8829032812,2168,2190,0,28.8293963255,21.8906199282,102,4,98,89.3055555556,68.6521839019,144,0,144,19.775862069,45.5066316979,144,0,144
daily_los_angeles_herald_18880305_3_clean_false.jpg,42.5158730159,60.352684249,2510,1008,0,9.0758754864,3.1659794361,31,6,25,20.9007936508,46.0302210143,144,0,144,97.0560344828,74.4376591733,144,0,144
daily_los_angeles_herald_18880503_4_clean_false.jpg,63.5119047619,63.723310565,2764,2252,0,13.1781818182,10.066283794,76,5,71,45.1349206349,64.246895141,144,0,144,73.0474137931,71.0907719413,144,0,144
daily_state_sentinel_18650804_4_clean_false.jpg,40.2738095238,41.4852898748,1176,288,0,12.7931034483,17.8369936716,141,7,134,4.5714285714,25.3055957812,144,0,144,109.9956896552,60.9931004842,144,9,135
daytona_gazette_19071005_3_clean_false.jpg,29.9484126984,48.5980842835,2374,3072,0,8.2279411765,8.6537849407,63,4,59,47.5555555556,52.9236996951,144,0,144,36.5646551724,61.6600889225,144,0,144
dayton_daily_empire_18630227_clean_false.jpg,139.0992063492,58.0007434029,1360,1132,0,48.0758807588,38.8328317543,97,9,88,139.9682539683,55.2321860355,144,0,144,17.1896551724,45.3124414784,144,0,144
edgefield_advertiser_18490704_4_clean_true2.jpg,47.6547619048,49.901256157,2946,1180,0,8.1684370258,9.283129042,87,5,82,18.0357142857,42.4087727805,144,0,144,79.8793103448,67.9554609353,144,0,144
edgefield_advertiser_18490704_4_true1.jpg,71.3849206349,56.0874710454,3142,2752,0,10.303599374,11.7161994592,231,3,228,52.3015873016,56.9541550736,144,0,144,0,0,0,0,0
el_fronterizo_18820210_4_clean_false.jpg,58.4126984127,63.7896667584,3154,3736,0,8.1646763042,5.0706420641,22,1,21,39.1825396825,60.890005375,144,0,144,75.2543103448,71.9121439376,144,0,144
el_fronterizo_18820210_4_clean_true.jpg,56.1547619048,54.8518866618,3384,2116,0,7.9030261348,6.0310593783,78,4,74,31.3571428571,54.1943735672,144,0,144,74.0086206897,71.7595587128,144,0,144
el_fronterizo_18820224_4_false.jpg,48.6349206349,63.71617406,2522,2842,0,13.5752143414,12.5226370806,65,5,60,72.9007936508,61.1563649551,144,0,144,37.6293103448,63.0900767146,144,0,144
el_fronterizo_18820224_4_true.jpg,12.6587301587,41.2087896583,1160,1152,0,5.5,0.5,6,5,1,12.5714285714,40.9245911089,144,0,144,137.1724137931,71.0184495751,144,0,144
el_fronterizo_18820303_4_clean_false.jpg,83.9365079365,72.7926259034,2822,2884,0,12.0014892033,9.0350519961,48,5,43,91.0436507937,69.8103038637,144,0,144,55.8663793103,71.5991871863,144,0,144
el_fronterizo_18820303_4_clean_true.jpg,37.4007936508,48.4120876044,2028,1730,0,9.652284264,7.2308495447,41,5,36,22.9126984127,50.0961687187,144,0,144,90.1982758621,71.324089898,144,0,144
el_fronterizo_18820310_4_false.jpg,62.5753968254,58.2693546367,2838,848,0,12.3744444444,4.036061367,25,5,20,11.7857142857,39.148827689,144,0,144,86.4655172414,66.5293741593,144,0,144
el_fronterizo_18820310_4_true.jpg,54.6468253968,53.7424592863,1460,1396,0,15.5266159696,12.2036838682,76,5,71,33.2301587302,58.3304562204,144,0,144,107.1681034483,66.5327994712,144,0,144
el_fronterizo_19040416_5_clean_false.jpg,79.119047619,71.2645997749,2192,2434,0,16.2805017104,7.816232895,38,3,35,68.3373015873,73.308325112,144,0,144,60.9827586207,70.4309905008,144,0,144
el_fronterizo_19040607_2_clean_false.jpg,90.9126984127,78.0893961091,1450,1440,0,21.3333333333,14.2906340735,39,4,35,90.2857142857,77.5508485498,144,0,144,79.4482758621,78.2570798412,144,0,144
el_fronterizo_19040820_1_clean_false.jpg,55.4920634921,66.8588382669,3992,3534,0,8.8098641887,6.7953555952,132,5,127,65.0873015873,61.3618892236,144,6,138,0,0,0,0,0
el_fronterizo_19040820_1_clean_true.jpg,42.7380952381,41.1779108671,1574,1220,0,13.69140625,17.8847898338,151,5,146,18.9563492063,45.4151430129,144,0,144,77.6293103448,65.9379660028,144,0,144
el_fronterizo_19040907_5_clean_false.jpg,96.369047619,66.7856806359,3624,4178,0,12.0243562978,9.4253890801,74,5,69,83.1507936508,73.5266993751,144,0,144,41.7672413793,62.7613130373,142,0,142
el_fronterizo_19040907_5_false.jpg,77.0793650794,65.8858632938,3364,3708,0,9.7803773585,8.55654179,73,4,69,57.8253968254,72.1784129918,144,0,144,73.3620689655,70.2075495457,144,0,144
el_pelayo_18510917_4_clean_false.jpg,50.7222222222,63.6735016692,3464,2182,0,15.7772277228,14.3697590959,51,5,46,57.4484126984,68.0102073846,144,0,144,74.1034482759,71.570297772,144,0,144
el_pelayo_18510917_4_true.jpg,63.0634920635,27.3348670629,1812,982,0,14.0969498911,23.2433458855,188,2,186,16.2023809524,23.3339537263,144,2,142,0,0,0,0,0
el_pelayo_18510924_3_clean_false.jpg,23.25,48.8055544263,1056,1114,0,15.4016064257,9.5853467815,32,5,27,17.2023809524,45.3739256004,144,0,144,118.6810344828,74.7830969761,144,0,144
el_pelayo_18511008_4_clean_false.jpg,67.6825396825,44.9346061701,1714,1214,0,20.8647281922,21.1086685064,225,3,222,23.376984127,48.7816071097,144,0,144,66.3318965517,53.163008979,144,0,144
el_pelayo_18511008_4_clean_true.jpg,64.0119047619,37.6104630479,986,956,0,23.2619047619,30.1111508564,158,5,153,28.1547619048,34.2877544508,144,0,144,18.1637931034,45.126431083,144,0,144
el_pelayo_18511013_1_clean_false.jpg,27.1071428571,40.4852905937,1374,844,0,10.2784163474,6.5603890133,47,5,42,19.119047619,29.1918799809,144,0,144,12.9784482759,36.1560517087,144,0,144
el_pelayo_18511015_4_false.jpg,56.3611111111,62.4949151371,2738,1616,0,10.9884032114,6.6791411923,33,1,32,25.0317460317,51.3295810769,144,0,144,73.775862069,71.7982043971,144,0,144
el_pelayo_18511015_4_true.jpg,24.6984126984,39.3969167575,1310,1122,0,11.4607329843,7.1397623765,46,5,41,15.1626984127,40.1295024967,144,0,144,117.9353448276,72.0392800015,144,0,144
evening_star_18810423_8_clean_true.jpg,31.8055555556,40.311231318,1252,1120,0,14.9353448276,12.7148823629,69,5,64,17.0793650794,40.0950152422,144,0,144,96.7586206897,70.0335350713,144,0,144
glasgow_weekly_times_18511218_4_clean_false.jpg,25.9206349206,25.1103965716,696,670,0,27.9805825243,19.3481042359,72,5,67,23.746031746,24.142369632,144,0,144,42.1637931034,65.8982428951,144,0,144
honolulu_republican_19000718_2_clean_false.jpg,110.4761904762,74.5495054698,2610,2592,0,23.2857142857,33.1865475573,100,5,95,109.7142857143,74.0353709493,144,0,144,42.8275862069,66.3074974604,144,0,144
hopkinsville_kentuckian_18901202_4_clean_false.jpg,77.5992063492,74.0842893392,4880,4792,0,7.9244157136,3.9008415104,27,5,22,62.876984127,75.3579745649,152,0,152,60.5646551724,73.4644760205,152,0,152
jasper_weekly_courier_18830720_2_true.jpg,53.9484126984,45.2015703189,1708,1642,0,12.0666666667,9.3376937866,44,1,43,32.8531746032,49.8877106728,144,7,137,0,0,0,0,0
jasper_weekly_courier_19040129_false.jpg,16.4206349206,31.5983193333,894,306,0,11.7013422819,5.8677881519,28,7,21,2.5714285714,18.0567618146,144,0,144,124.3146551724,67.8425905011,144,0,144
kentucky_irish_american_18980716_3_clean_false.jpg,93.8095238095,63.4436076435,3472,5428,0,9.6622170633,8.5272908762,67,1,66,68.5674603175,72.9625292855,144,0,144,49.474137931,59.6442663117,144,0,144
kentucky_irish_american_18980716_3_true.jpg,45.4523809524,22.2571114196,816,760,0,22.1044444444,23.5956724427,114,3,111,25.75,24.0288764773,144,0,144,0,0,0,0,0
kentucky_irish_american_18980813_3_clean_false.jpg,55.623015873,68.3019179447,2152,894,0,10.8092885375,3.4086313203,15,2,13,23.9325396825,53.3870802685,144,0,144,89.3405172414,74.4387163598,144,0,144
kentucky_irish_american_18980813_3_clean_true.jpg,50.0238095238,51.8079325236,2178,948,0,13.6864640884,5.2956548628,36,5,31,13.8849206349,38.4560220611,144,0,144,88.2284482759,71.9236091945,144,0,144
la_herald_18950425_1_clean_false.jpg,24.3055555556,41.5503535281,616,500,0,19.4075144509,24.486137429,156,2,154,37.4404761905,36.5471276751,144,3,141,0,0,0,0,0
leavenworth_weekly_times_18790515_clean_false.jpg,11.5079365079,39.435227072,1160,1152,0,6,0,6,6,0,11.4285714286,39.1632599887,144,0,144,140.275862069,69.6683789851,144,0,144
le_meschacebe_18540528_2_clean_false.jpg,50.8055555556,59.7287131947,2532,2164,0,9.6566866267,6.8701893131,35,1,34,22.753968254,49.3807484738,144,0,144,80.5818965517,71.6737869904,144,0,144
le_meschacebe_18540716_1_false.jpg,42.3214285714,49.1018007814,2436,486,0,9.4147368421,4.6149178797,31,4,27,6.8373015873,22.5326291022,144,0,144,96.650862069,70.3015757572,144,0,144
le_meschacebe_18540716_1_true.jpg,57.4166666667,46.7592406622,1840,1580,0,11.4957507082,10.2864419728,114,1,113,30.4801587302,48.391604592,144,0,144,11.0948275862,34.711809261,144,0,144
le_messager_18510222_1_clean_false.jpg,58.2976190476,60.8529558858,4452,3728,0,6.7868589744,3.5714589129,21,5,16,40.2341269841,61.2584119775,144,0,144,73.1681034483,70.9592002226,144,0,144
minneapolis_journal_19060617_10_false.jpg,71.3492063492,77.3444881816,2320,2304,0,24.25,22.9605640175,64,10,54,70.8571428571,76.8110779182,144,0,144,76.3448275862,77.7844560753,144,0,144
mountain_sentinel_18510327_false.jpg,35.4642857143,48.1560145898,1738,1504,0,11.7419768935,6.1164498999,37,1,36,23.2063492063,43.4238302749,144,0,144,95.8060344828,75.4428423708,144,0,144
mountain_sentinel_18510327_true.jpg,19.3015873016,35.0620156459,1150,878,0,9.5171624714,6.4149284704,32,5,27,9.7738095238,28.4577863251,144,0,144,99.8793103448,76.4171330475,144,0,144
national_republican_18750115_2_clean_false.jpg,27.6904761905,49.6920399442,1186,1278,0,11.8783505155,7.8532707324,27,3,24,21.0198412698,47.9215179725,144,0,144,110.4698275862,73.7351660083,144,0,144
national_tribune_19070221_1_clean_false.jpg,4.4206349206,22.4849972177,290,412,0,13,8.9316400257,27,5,22,5.4841269841,19.1157356297,144,0,144,111.1034482759,78.153394789,144,0,144
new_york_tribune_18850504_4_clean_false.jpg,41.0634920635,51.5070713986,2496,1686,0,8.9281585467,5.8075913327,40,5,35,23.2222222222,47.8758038323,144,0,144,83.1422413793,71.6415159335,144,0,144
new_york_tribune_18850505_6_clean_false.jpg,47.5238095238,43.5249110446,1902,1978,0,13.0844298246,10.1338898002,73,5,68,38.0753968254,45.8588265821,144,0,144,32.3577586207,53.8916711929,144,0,144
new_york_tribune_18850507_4_false.jpg,150.1785714286,49.4391835665,1160,1152,0,8,0,8,8,0,149.1428571429,49.0982236798,144,0,144,12.4137931034,39.218456255,144,0,144
omaha_daily_bee_18910315_12_false.jpg,29.2261904762,42.1916561889,1832,576,0,8.5026833631,2.3954884455,23,5,18,5.1428571429,26.7936722872,144,0,144,123.2974137931,66.4003192626,144,0,144
omaha_daily_bee_18910321_9_clean_false.jpg,41.9285714286,59.5724481552,2650,1462,0,8.5973154362,1.5472340964,11,3,8,23.376984127,52.7749259711,144,0,144,98.4137931034,75.5338055703,144,0,144
ottawa_free_trader_18501116_2_clean_false.jpg,22.0595238095,41.0894552769,904,1246,0,11.5803357314,2.7768997226,16,5,11,18.1984126984,35.7969715541,144,0,144,106.5,78.4494579989,144,0,144
ouachita_telegraph_18791121_4_clean_false.jpg,61.4166666667,56.0876404629,3840,3042,0,9.6137469586,6.1401776704,45,5,40,36.4523809524,54.0139005972,144,0,144,45.5129310345,59.4427117538,144,0,144
palestine_daily_herald_19040202_2_clean_false.jpg,66.2777777778,47.8338449173,2060,1856,0,23.449704142,28.4857820328,207,1,206,48.7341269841,46.2584926262,144,0,144,3.724137931,22.0006331271,144,0,144
polynesian_18480108_2_clean_false.jpg,2.3015873016,18.143583228,290,288,0,0,0,-2147483648,2147483647,1,2.2857142857,18.0184550678,144,0,144,144,67.8822509939,144,144,0
red_lake_news_19150301_2_false.jpg,33.9206349206,46.1621690151,1668,486,0,11.141654979,3.5132873102,74,5,69,11.7619047619,18.9418534669,144,0,144,1.7112068966,14.3678476601,133,0,133
red_lake_news_19150301_2_true.jpg,44.4642857143,47.9202088098,1536,1046,0,14.8260038241,11.2322233759,85,5,80,34.6428571429,52.7731912828,144,0,144,58.474137931,68.6240746897,144,0,144
red_lake_news_19160301_2_false.jpg,18.4047619048,42.1860572616,1016,288,0,10.6515151515,0.949360618,12,5,7,2.2857142857,18.0184550678,144,0,144,128.150862069,71.2125633471,144,12,132
red_lake_news_19160301_2_true.jpg,78.8253968254,53.5351194666,1842,1894,0,26.037037037,44.9749832194,210,4,206,61.9246031746,61.1697222761,144,5,139,0,0,0,0,0
scranton_tribune_19010504_5_clean_false.jpg,45.1666666667,65.7093165823,1810,1740,0,13.3974358974,9.5338952302,69,5,64,43.3571428571,66.4939477872,144,0,144,103.4827586207,76.4713372388,144,0,144
scranton_tribune_19010504_5_clean_true.jpg,44.4761904762,62.9497025169,2562,1734,0,10.1046396841,6.3805686782,56,5,51,32.7341269841,54.4959594034,144,0,144,36.6206896552,62.5957937534,144,0,144
scranton_tribune_19011009_4_false.jpg,153.0555555556,45.9741703419,870,864,0,168,0,168,168,0,152,45.6571070981,144,0,144,1.8620689655,15.6344343015,144,0,144
scranton_tribune_19011009_4_true.jpg,154.2063492064,44.4680553578,1450,1440,0,74.3333333333,33.7078955472,122,50,72,153.1428571429,44.161379114,144,0,144,5.5862068966,26.8100161544,144,0,144
scranton_tribune_19011026_5_clean_false.jpg,109.1904761905,71.9475398723,2712,2384,0,23.4392014519,22.0416086172,126,5,121,115.373015873,65.6561665828,144,0,144,16.9784482759,43.7215160686,144,0,144
st_johnsbury_caledonian_18830427_false.jpg,136.4880952381,57.6982080472,718,1446,0,39.9228395062,53.5955668596,181,5,176,130.6031746032,60.0466461949,144,0,144,1.1422413793,8.7117349463,80,0,80
the_daily_critic_18900909_2_false.jpg,58.1468253968,54.9957966069,2604,2324,0,13.2865079365,13.2880651378,118,1,117,43.1587301587,54.5795613526,144,0,144,36.6982758621,57.1164096935,144,0,144
the_daily_critic_18901027_1_clean_false.jpg,24.8214285714,49.536529878,1324,978,0,11.0561403509,4.0384562599,44,5,39,12.8531746032,38.4419225403,144,0,144,114.7025862069,75.2075103443,144,0,144
the_daily_critic_18901027_2_clean_false.jpg,44.2182539683,47.4347563391,2058,1854,0,12.5494393476,12.7790305184,204,5,199,34.7619047619,46.3830563576,144,0,144,29.3060344828,51.0913637108,144,0,144
the_daily_critic_18901028_2_clean_false.jpg,35.503968254,57.5182558823,2006,1866,0,10.7766203704,3.040598696,15,5,10,17.7619047619,44.4263785359,144,0,144,102.8836206897,76.1766968624,144,0,144
the_daily_critic_18901106_1_clean_false.jpg,52.9444444444,66.0411527946,2216,2020,0,14.0208768267,5.7662887613,51,5,46,45.0277777778,66.8096928066,144,0,144,78.5344827586,74.4523647417,144,0,144
the_daily_critic_18901106_1_clean_true.jpg,54.2420634921,54.753251929,2348,1024,0,12.1750255885,10.657843692,82,5,77,29.8174603175,47.8207017089,144,0,144,22.5043103448,50.8229442467,144,0,144
the_daily_critic_18901110_3_clean_false.jpg,62.0317460317,50.5647273618,1868,2276,0,21.5895953757,18.1567773094,118,1,117,54.0317460317,57.5560186365,144,0,144,41.9310344828,56.9413074706,144,0,144
the_daily_critic_18901110_3_clean_true.jpg,84.3373015873,44.8071894551,1748,1696,0,24.8909348442,28.8619504558,160,3,157,39.5992063492,59.2858965337,144,0,144,47.4612068966,50.0729371123,144,0,144
the_daily_critic_18901112_2_clean_false.jpg,37.9365079365,42.918038118,1672,722,0,13.7283333333,6.6581677076,35,5,30,14.2063492063,26.8439643774,144,0,144,70.7456896552,71.3272511191,144,0,144
the_daily_critic_18901208_2_clean_false.jpg,70.1547619048,74.8928818785,2294,2140,0,27.3860845839,13.5264753812,89,6,83,91.2738095238,66.8720291173,144,0,144,45.3103448276,67.6239363876,144,0,144
the_evening_world_18871010_4_false.jpg,31.9563492063,55.0706622919,1600,1488,0,10.0152963671,8.6795376635,33,5,28,22.0436507937,49.362914687,144,0,144,106.1293103448,76.082459169,144,0,144
the_evening_world_18871011_3_clean_false.jpg,15.5515873016,31.2920825601,864,724,0,8.7796610169,3.9074076974,19,5,14,11.746031746,29.2206058692,144,0,144,105.6206896552,76.7651930402,144,0,144
the_evening_world_18900327_2_clean_false.jpg,50.9801587302,62.0904376831,2154,1672,0,15.3077956989,9.4540850522,56,5,51,39.1031746032,57.8310146017,144,0,144,51.9612068966,68.748991453,144,0,144
the_evening_world_18900327_2_clean_true.jpg,26.6428571429,33.6279930671,1266,1084,0,14.14,14.5994657436,156,1,155,19.0079365079,34.4584430837,144,0,144,23.2456896552,48.3617844256,144,0,144
the_radical_18411113_4_clean_false.jpg,34.2976190476,52.2304280491,2280,1032,0,8.2985232068,3.4541172663,26,5,21,13.1785714286,37.5430575612,144,0,144,100.0560344828,73.1357737577,144,0,144
the_radical_18411113_4_true.jpg,33.2658730159,37.5843731024,1504,1516,0,12.6143958869,6.7327155419,64,4,60,27.8214285714,40.3266480216,144,0,144,56.8060344828,69.3130150676,144,0,144
the_sun_19150512_6_clean_false.jpg,32.5277777778,54.5803191946,1768,1404,0,11.786440678,5.1550685155,22,5,17,17.9484126984,43.0609372584,144,0,144,107.0431034483,76.7206907155,144,0,144
the_voice_of_the_people_19130717_1_false.jpg,51.8650793651,63.5143067613,1722,1186,0,18.3816901408,12.4300613559,111,5,106,45.0238095238,53.9773255014,144,10,134,0,0,0,0,0
the_voice_of_the_people_19130717_1_true.jpg,85.0436507937,71.5092327065,3392,4200,0,12.0755743652,9.4483753939,55,5,50,94.9603174603,67.353080299,144,0,144,21.7801724138,49.2124016412,144,0,144
the_voice_of_the_people_19130814_2_clean_false.jpg,25.4880952381,41.4580545454,1200,540,0,9.6744868035,1.6361639164,17,8,9,10.9880952381,33.9780239913,144,0,144,103.2844827586,73.9487045871,144,0,144
the_voice_of_the_people_19130814_2_true.jpg,82.5793650794,51.1565473174,1380,910,0,27.0694444444,40.4980542704,217,5,212,56.3095238095,66.4878944144,144,0,144,46.2629310345,52.190792129,126,0,126
the_voice_of_the_people_19130821_3_clean_false.jpg,46.746031746,68.36058224,4352,5930,0,6.7626790554,4.4811958067,57,3,54,79.9007936508,69.0417818512,152,0,152,30.6594827586,59.5052457534,152,0,152
the_voice_of_the_people_19130821_3_true.jpg,94.8928571429,59.7275448695,2538,1568,0,17.287366548,11.5917422367,54,3,51,57.7063492063,66.1720667232,144,0,144,37.8318965517,62.935548355,144,0,144
the_voice_of_the_people_19141008_2_false.jpg,54.5277777778,66.1687007404,1726,1504,0,10.0207900208,10.1631996963,36,5,31,54.1111111111,65.9927645545,144,0,144,93.2327586207,76.6922544959,144,0,144
the_voice_of_the_people_19141008_2_true.jpg,66.0634920635,36.2327596407,1558,1052,0,22.8719346049,20.1328679799,88,3,85,17.2658730159,41.9597861083,144,0,144,88.9439655172,49.7045195982,144,0,144
the_voice_of_the_people_19141008_3_false.jpg,53.9603174603,67.3942255943,2436,2496,0,12.7775590551,5.293151156,40,2,38,57.4801587302,65.4779670961,144,0,144,45.8706896552,66.8199087033,144,0,144
the_voice_of_the_people_19141008_3_true.jpg,77.7420634921,58.7502805742,3124,1944,0,12.5374251497,4.55457005,25,3,22,44.2857142857,58.9411029072,144,0,144,37.8620689655,63.389499441,144,0,144
the_weekly_sun_18611005_1_clean_false.jpg,31.1349206349,48.3686738977,2184,1598,0,10.292257361,4.8140646165,28,6,22,24.2698412698,44.9638548762,144,0,144,76.5689655172,75.3848343621,144,0,144
the_weekly_sun_18611005_1_clean_true.jpg,74.6507936508,47.6341858024,2426,2922,0,19.1871455577,28.1448613162,155,5,150,47.996031746,53.3544334122,144,0,144,29.0172413793,45.0676716781,144,0,144
the_weekly_sun_18611005_4_clean_false.jpg,13.4880952381,33.5484959306,920,716,0,9.5736196319,3.5001021584,20,7,13,9.8055555556,31.0005653644,144,0,144,109.1077586207,77.526658844,144,0,144
the_weekly_sun_18611005_4_clean_true.jpg,44.8293650794,40.8952326626,1780,1966,0,13.7673796791,18.5981111421,176,5,171,27.9404761905,46.8121980226,144,0,144,68.9870689655,66.8545875103,144,0,144
the_weekly_sun_18611012_1_clean_false.jpg,32.2619047619,46.6746852059,1876,1626,0,10.8433619866,8.5583737133,61,5,56,24.3611111111,38.0588951147,144,0,144,59.4267241379,68.4813943174,144,0,144
the_weekly_sun_18611019_1_clean_false.jpg,20.6468253968,44.0236254134,1828,1636,0,13.0665742025,15.3828084797,58,3,55,42.2579365079,51.402652225,144,0,144,69.3793103448,74.9863476492,144,0,144
the_weekly_sun_18620208_4_clean_false.jpg,61.5674603175,75.3540777194,2030,2016,0,12,5.7879184514,22,8,14,61.1428571429,74.8343944248,144,0,144,93.1034482759,79.3022056222,144,0,144
the_weekly_sun_18620222_3_clean_false.jpg,28.1666666667,46.2533568065,1688,764,0,8.8324808184,3.43240444,25,1,24,11.0079365079,31.2507950444,144,0,144,89.1810344828,73.7943513021,144,0,144
the_weekly_sun_18620322_4_clean_false.jpg,72.9523809524,72.4237208053,2134,1900,0,22.678030303,19.6797881794,92,7,85,58.5515873016,72.0635387323,144,0,144,52.2370689655,67.6646668176,144,0,144
the_weekly_sun_18620524_4_clean_false.jpg,19.7023809524,37.3099042086,1806,1080,0,7.6498470948,10.1211933596,224,5,219,42.6706349206,24.8135790511,144,26,118,0,0,0,0,0
the_weekly_sun_18630919_2_clean_false.jpg,26.2896825397,45.2927496854,1788,288,0,8.2266666667,1.5541199725,20,5,15,2.2857142857,18.0184550678,144,0,144,121.8620689655,70.2259946544,144,7,137
the_weekly_sun_18640813_2_clean_false.jpg,119.2579365079,63.8753321133,1150,1612,0,47.267961165,55.6571163876,188,2,186,102.7380952381,73.0306767996,144,0,144,31.1120689655,55.6764638151,144,0,144
the_weekly_sun_18640924_4_clean_false.jpg,160.5357142857,34.4621047211,1160,1152,0,75.5,72.5,148,3,145,159.4285714286,34.2244350334,144,0,144,4.3448275862,23.7237369653,144,0,144
the_weekly_sun_18641029_1_clean_false.jpg,35.5198412698,52.9878179041,1750,1526,0,12.2,7.4780419303,38,5,33,30.2857142857,51.9372908742,144,0,144,68.3836206897,73.7108990821,144,0,144
the_weekly_sun_18650520_2_clean_false.jpg,2.3015873016,18.143583228,290,288,0,0,0,-2147483648,2147483647,1,2.2857142857,18.0184550678,144,0,144,144,67.8822509939,144,144,0
washington_evening_star_18650416_false.jpg,17.876984127,33.8393908911,818,288,0,10.88671875,3.5043025138,15,5,10,2.7619047619,18.2765708432,144,0,144,131.9870689655,66.6600531885,144,51,93
western_reserve_chronicle_18550711_1_true.jpg,37.4682539683,48.9570620109,1860,1286,0,19.563071298,20.0858565773,77,1,76,55.0674603175,40.8308142986,144,0,144,3.6379310345,21.4953594633,144,0,144
wheeling_daily_intelligencer_18650802_1_clean_false.jpg,32.2023809524,45.1117852644,1382,1314,0,15.6854219949,18.2291682533,99,1,98,33.2658730159,43.3727588771,144,0,144,46.0862068966,66.1562253356,144,0,144
wheeling_daily_intelligencer_18740101_3_clean_false.jpg,66.9204545455,57.7431561622,1792,1346,0,15.130044843,13.6742852784,118,2,116,40.1742424242,62.3724424388,144,0,144,82.5208333333,66.9298924213,137,0,137
wheeling_daily_intelligencer_18740101_3_clean_true.jpg,61.7777777778,32.2674422706,1224,1132,0,12.8614958449,14.3888494448,124,5,119,20.8452380952,30.8166509909,144,0,144,5.1163793103,24.7676335007,144,0,144
wheeling_daily_intelligencer_18740102_4_clean_false.jpg,40.0912698413,42.3606050993,1502,1408,0,13.8110964333,8.1687928568,62,5,57,28.7976190476,42.2125001061,144,0,144,30.8663793103,55.3171923738,144,0,144
wheeling_daily_intelligencer_18740115_3_clean_true.jpg,29.9126984127,47.0753272718,1792,2184,0,8.5539383562,5.7661775018,54,5,49,32.2857142857,49.6338439427,144,0,144,59.6939655172,72.5104799384,144,0,144
wheeling_daily_intelligencer_18740115_3_false.jpg,25.4325396825,45.9034165423,1314,1444,0,11.3553875236,9.5231473195,44,1,43,23.9880952381,47.9621377606,144,0,144,105.5603448276,73.7102971845,144,0,144
wheeling_daily_intelligencer_18830627_3_clean_false.jpg,25.3531746032,55.5793359778,290,288,0,0,0,-2147483648,2147483647,1,24.6666666667,54.9458608,144,0,144,141.4827586207,68.8515399161,144,0,144
wheeling_daily_intelligencer_18830627_3_true.jpg,76.5,57.7592842808,3024,3408,0,11.3615520282,13.9024620556,218,4,214,59.5555555556,66.3959184696,144,0,144,0,0,0,0,0
wheeling_daily_intelligencer_18830628_2_clean_false.jpg,37.6071428571,56.154859792,1836,1106,0,13.2880562061,8.502316682,40,4,36,40.25,57.7782947932,144,0,144,85.5086206897,75.7636922154,144,0,144
wheeling_daily_intelligencer_18880703_3_false.jpg,33.9484126984,62.726925798,2030,2016,0,9.4,4.317406629,18,7,11,33.7142857143,62.2943263097,144,0,144,110.4827586207,78.2414498694,144,0,144
wheeling_daily_intelligencer_18881002_3_clean_false.jpg,32.9285714286,46.408006958,1640,1580,0,15.0737327189,6.9508324634,31,5,26,24.6547619048,42.7692139375,144,0,144,91.7931034483,76.0514812073,144,0,144
wheeling_daily_intelligencer_18881009_4_clean_true.jpg,65.5436507937,52.0904831503,2200,2224,0,13.9281705948,15.659372287,129,6,123,45.7142857143,59.6844241211,144,0,144,23.2931034483,47.3125337595,144,0,144
wheeling_daily_intelligencer_18881009_4_false.jpg,20.3611111111,25.4184685804,950,832,0,13.2782101167,8.1016422356,46,5,41,16.623015873,23.4918826026,144,0,144,59.6853448276,70.5819092973,144,0,144
white_cloud_kansas_chief_18681119_true.jpg,61.9801587302,48.9003012105,1744,2002,0,18.7862714509,27.5745399988,142,5,137,36.7103174603,56.4853246802,144,0,144,3.724137931,22.0006331271,144,0,144
